{
  "baseFontSizeAction": true,
  "theme": "obsidian",
  "enabledCssSnippets": [
    "datacore-classes",
    "Easy multi-column notes",
    "hidePropertiesBase",
    "MCL Multi Column",
    "MCL Wide Views",
    "imageGallery",
    "StyleCallouts",
    "cards",
    "Nick Milo - Custom Callouts - Pro",
    "k",
    "dashboarPlusPlus",
    "ux-customize",
    "tags-color",
    "Sidenote Auto-Adjust Module",
    "minorFixes",
    "minorAdds",
    "table-view",
    "prismCalloutStyling"
  ],
  "baseFontSize": 12,
  "showRibbon": true,
  "cssTheme": "Border",
  "showViewHeader": true,
  "accentColor": "",
  "nativeMenus": false
}