{
  "workspaces": {
    "Começe Aqui": {
      "main": {
        "id": "2178b4b13ad8d220",
        "type": "split",
        "children": [
          {
            "id": "e125e24094fdc972",
            "type": "tabs",
            "children": [
              {
                "id": "2f4da4148c8faf6f",
                "type": "leaf",
                "pinned": true,
                "state": {
                  "type": "markdown",
                  "state": {
                    "file": "Boas Vindas.md",
                    "mode": "preview",
                    "source": false,
                    "backlinks": false
                  },
                  "pinned": true,
                  "icon": "lucide-file",
                  "title": "Boas Vindas"
                }
              },
              {
                "id": "b431c59ed53ec492",
                "type": "leaf",
                "state": {
                  "type": "markdown",
                  "state": {
                    "file": "README.md",
                    "mode": "preview",
                    "source": false,
                    "backlinks": false
                  },
                  "icon": "lucide-file",
                  "title": "README"
                }
              }
            ]
          }
        ],
        "direction": "vertical"
      },
      "left": {
        "id": "da223467db4c9158",
        "type": "split",
        "children": [
          {
            "id": "3ba83bbb7904c6a3",
            "type": "tabs",
            "children": [
              {
                "id": "b34c0f902b1265c0",
                "type": "leaf",
                "state": {
                  "type": "file-explorer",
                  "state": {
                    "sortOrder": "alphabetical",
                    "autoReveal": false
                  },
                  "icon": "lucide-folder-closed",
                  "title": "Files"
                }
              },
              {
                "id": "c3dcb494a0674c29",
                "type": "leaf",
                "state": {
                  "type": "search",
                  "state": {
                    "query": "tag:#info",
                    "matchingCase": false,
                    "explainSearch": false,
                    "collapseAll": false,
                    "extraContext": false,
                    "sortOrder": "alphabetical"
                  },
                  "icon": "lucide-search",
                  "title": "Procurar"
                }
              },
              {
                "id": "e0f7509dece0369f",
                "type": "leaf",
                "state": {
                  "type": "bookmarks",
                  "state": {},
                  "icon": "lucide-bookmark",
                  "title": "Marcadores"
                }
              },
              {
                "id": "4b823fe391e9ac40",
                "type": "leaf",
                "state": {
                  "type": "recent-files",
                  "state": {},
                  "icon": "clock",
                  "title": "Recent Files"
                }
              }
            ]
          }
        ],
        "direction": "horizontal",
        "width": 344.5
      },
      "right": {
        "id": "3703f7d8eaeb01fd",
        "type": "split",
        "children": [
          {
            "id": "c4e9b6b7a7b97459",
            "type": "tabs",
            "children": [
              {
                "id": "10e25e51bf00f4f9",
                "type": "leaf",
                "state": {
                  "type": "markdown",
                  "state": {
                    "file": "X/Assets/_atalhos.md",
                    "mode": "source",
                    "source": false,
                    "backlinks": false
                  },
                  "icon": "lucide-file",
                  "title": "_atalhos"
                }
              },
              {
                "id": "f7119f2528338e15",
                "type": "leaf",
                "state": {
                  "type": "outline",
                  "state": {
                    "file": "Boas Vindas.md",
                    "followCursor": false,
                    "showSearch": false,
                    "searchQuery": ""
                  },
                  "icon": "lucide-list",
                  "title": "Outline of Boas Vindas"
                }
              },
              {
                "id": "2386ef8588c3dc8e",
                "type": "leaf",
                "state": {
                  "type": "tag",
                  "state": {
                    "sortOrder": "frequency",
                    "useHierarchy": true,
                    "showSearch": false,
                    "searchQuery": ""
                  },
                  "icon": "lucide-tags",
                  "title": "Tags"
                }
              },
              {
                "id": "1ebc49deb54dd0f7",
                "type": "leaf",
                "state": {
                  "type": "all-properties",
                  "state": {
                    "sortOrder": "frequency",
                    "showSearch": false,
                    "searchQuery": ""
                  },
                  "icon": "lucide-archive",
                  "title": "Todas as propriedades"
                }
              },
              {
                "id": "40be355d2ebab86f",
                "type": "leaf",
                "state": {
                  "type": "file-properties",
                  "state": {
                    "file": "Boas Vindas.md"
                  },
                  "icon": "lucide-info",
                  "title": "File properties for Boas Vindas"
                }
              },
              {
                "id": "7a2141420f060740",
                "type": "leaf",
                "state": {
                  "type": "outgoing-link",
                  "state": {
                    "file": "Boas Vindas.md",
                    "linksCollapsed": false,
                    "unlinkedCollapsed": true
                  },
                  "icon": "links-going-out",
                  "title": "Outgoing links from Boas Vindas"
                }
              },
              {
                "id": "5d297ae10b81be7a",
                "type": "leaf",
                "state": {
                  "type": "calendar",
                  "state": {},
                  "icon": "calendar-with-checkmark",
                  "title": "Calendar"
                }
              },
              {
                "id": "ddec9df386de7db5",
                "type": "leaf",
                "state": {
                  "type": "backlink",
                  "state": {
                    "file": "Boas Vindas.md",
                    "collapseAll": false,
                    "extraContext": false,
                    "sortOrder": "alphabetical",
                    "showSearch": false,
                    "searchQuery": "",
                    "backlinkCollapsed": false,
                    "unlinkedCollapsed": true
                  },
                  "icon": "links-coming-in",
                  "title": "Backlinks for Boas Vindas"
                }
              }
            ]
          }
        ],
        "direction": "horizontal",
        "width": 381.5
      },
      "left-ribbon": {
        "hiddenItems": {
          "switcher:Open quick switcher": false,
          "graph:Open graph view": false,
          "canvas:Create new canvas": false,
          "daily-notes:Open today's daily note": false,
          "templates:Insert template": false,
          "command-palette:Open command palette": false,
          "workspaces:Manage workspace layouts": false,
          "bases:Create new base": false,
          "callout-manager:Insert Callout": false,
          "templater-obsidian:Templater": false,
          "periodic-notes:Open today": false
        }
      },
      "active": "2f4da4148c8faf6f",
      "mtime": "2026-01-29T15:57:06-03:00"
    },
    "00 - Primeira Nota": {
      "main": {
        "id": "2178b4b13ad8d220",
        "type": "split",
        "children": [
          {
            "id": "8beddab57634af6f",
            "type": "tabs",
            "children": [
              {
                "id": "a5b60ee37e352677",
                "type": "leaf",
                "pinned": true,
                "state": {
                  "type": "markdown",
                  "state": {
                    "file": "Atlas/Conceitos/+ Entendendo o básico Obsidian/01 Primeira Nota.md",
                    "mode": "source",
                    "source": false,
                    "backlinks": false
                  },
                  "pinned": true,
                  "icon": "lucide-file",
                  "title": "01 Primeira Nota"
                }
              }
            ]
          },
          {
            "id": "3ac19512898ebf40",
            "type": "tabs",
            "children": [
              {
                "id": "aabad12ac07f1863",
                "type": "leaf",
                "state": {
                  "type": "localgraph",
                  "state": {
                    "file": "Atlas/Conceitos/+ Entendendo o básico Obsidian/01 Primeira Nota.md",
                    "options": {
                      "collapse-filter": true,
                      "search": "",
                      "localJumps": 1,
                      "localBacklinks": true,
                      "localForelinks": true,
                      "localInterlinks": false,
                      "showTags": false,
                      "showAttachments": false,
                      "hideUnresolved": false,
                      "collapse-color-groups": true,
                      "colorGroups": [],
                      "collapse-display": true,
                      "showArrow": false,
                      "textFadeMultiplier": 0,
                      "nodeSizeMultiplier": 1,
                      "lineSizeMultiplier": 1,
                      "collapse-forces": true,
                      "centerStrength": 0.518713248970312,
                      "repelStrength": 10,
                      "linkStrength": 1,
                      "linkDistance": 250,
                      "scale": 1.5,
                      "close": true
                    }
                  },
                  "icon": "lucide-git-fork",
                  "title": "Graph of 01 Primeira Nota"
                }
              },
              {
                "id": "002594c9df6905f7",
                "type": "leaf",
                "state": {
                  "type": "markdown",
                  "state": {
                    "file": "X/Assets/_atalhos.md",
                    "mode": "source",
                    "source": false,
                    "backlinks": false
                  },
                  "icon": "lucide-file",
                  "title": "_atalhos"
                }
              }
            ]
          }
        ],
        "direction": "vertical"
      },
      "left": {
        "id": "da223467db4c9158",
        "type": "split",
        "children": [
          {
            "id": "3ba83bbb7904c6a3",
            "type": "tabs",
            "children": [
              {
                "id": "b34c0f902b1265c0",
                "type": "leaf",
                "state": {
                  "type": "file-explorer",
                  "state": {
                    "sortOrder": "alphabetical",
                    "autoReveal": false
                  },
                  "icon": "lucide-folder-closed",
                  "title": "Files"
                }
              },
              {
                "id": "c3dcb494a0674c29",
                "type": "leaf",
                "state": {
                  "type": "search",
                  "state": {
                    "query": "tag:#info",
                    "matchingCase": false,
                    "explainSearch": false,
                    "collapseAll": false,
                    "extraContext": false,
                    "sortOrder": "alphabetical"
                  },
                  "icon": "lucide-search",
                  "title": "Search"
                }
              },
              {
                "id": "e0f7509dece0369f",
                "type": "leaf",
                "state": {
                  "type": "bookmarks",
                  "state": {},
                  "icon": "lucide-bookmark",
                  "title": "Bookmarks"
                }
              }
            ]
          }
        ],
        "direction": "horizontal",
        "width": 309.5,
        "collapsed": true
      },
      "right": {
        "id": "3703f7d8eaeb01fd",
        "type": "split",
        "children": [
          {
            "id": "c4e9b6b7a7b97459",
            "type": "tabs",
            "dimension": 43.47014925373134,
            "children": [
              {
                "id": "f7119f2528338e15",
                "type": "leaf",
                "state": {
                  "type": "outline",
                  "state": {
                    "file": "Atlas/+ Entendendo o básico Obsidian/08 ACE Pack.md",
                    "followCursor": false,
                    "showSearch": false,
                    "searchQuery": ""
                  },
                  "icon": "lucide-list",
                  "title": "Outline of como + funciona"
                }
              },
              {
                "id": "2386ef8588c3dc8e",
                "type": "leaf",
                "state": {
                  "type": "tag",
                  "state": {
                    "sortOrder": "frequency",
                    "useHierarchy": true,
                    "showSearch": false,
                    "searchQuery": ""
                  },
                  "icon": "lucide-tags",
                  "title": "Tags"
                }
              },
              {
                "id": "1ebc49deb54dd0f7",
                "type": "leaf",
                "state": {
                  "type": "all-properties",
                  "state": {
                    "sortOrder": "frequency",
                    "showSearch": false,
                    "searchQuery": ""
                  },
                  "icon": "lucide-archive",
                  "title": "Todas as propriedades"
                }
              },
              {
                "id": "40be355d2ebab86f",
                "type": "leaf",
                "state": {
                  "type": "file-properties",
                  "state": {
                    "file": "🏠.md"
                  },
                  "icon": "lucide-info",
                  "title": "File properties for como + funciona"
                }
              },
              {
                "id": "5d297ae10b81be7a",
                "type": "leaf",
                "state": {
                  "type": "calendar",
                  "state": {},
                  "icon": "calendar-with-checkmark",
                  "title": "Calendar"
                }
              }
            ],
            "currentTab": 4
          },
          {
            "id": "3954ea8e597c4a31",
            "type": "tabs",
            "dimension": 56.529850746268664,
            "children": [
              {
                "id": "c133cbfbc6b00289",
                "type": "leaf",
                "state": {
                  "type": "backlink",
                  "state": {
                    "file": "Atlas/+ Entendendo o básico Obsidian/09 ARC Framework.md",
                    "collapseAll": false,
                    "extraContext": false,
                    "sortOrder": "alphabetical",
                    "showSearch": false,
                    "searchQuery": "",
                    "backlinkCollapsed": false,
                    "unlinkedCollapsed": true
                  },
                  "icon": "links-coming-in",
                  "title": "Backlinks for A-Daily Note Template"
                }
              },
              {
                "id": "7a2141420f060740",
                "type": "leaf",
                "state": {
                  "type": "outgoing-link",
                  "state": {
                    "file": "Atlas/+ Entendendo o básico Obsidian/08 ACE Pack.md",
                    "linksCollapsed": false,
                    "unlinkedCollapsed": true
                  },
                  "icon": "links-going-out",
                  "title": "Outgoing links from como + funciona"
                }
              },
              {
                "id": "d832fe089cbd3a82",
                "type": "leaf",
                "state": {
                  "type": "markdown",
                  "state": {
                    "file": "X/Assets/_atalhos.md",
                    "mode": "preview",
                    "source": false,
                    "backlinks": false
                  },
                  "icon": "lucide-file",
                  "title": "_atalhos"
                }
              }
            ],
            "currentTab": 2
          }
        ],
        "direction": "horizontal",
        "width": 381.5,
        "collapsed": true
      },
      "left-ribbon": {
        "hiddenItems": {
          "switcher:Open quick switcher": false,
          "graph:Open graph view": false,
          "canvas:Create new canvas": false,
          "daily-notes:Open today's daily note": false,
          "templates:Insert template": false,
          "command-palette:Open command palette": false,
          "workspaces:Manage workspace layouts": false,
          "bases:Create new base": false,
          "callout-manager:Insert Callout": false,
          "templater-obsidian:Templater": false,
          "periodic-notes:Open today": false
        }
      },
      "active": "a5b60ee37e352677",
      "mtime": "2026-01-29T15:57:00-03:00"
    },
    "01 - Entendendo básico - 02 markdown > 04 Propriedades > 03 Coleções ": {
      "main": {
        "id": "2178b4b13ad8d220",
        "type": "split",
        "children": [
          {
            "id": "8a0a38f57f5b73aa",
            "type": "tabs",
            "children": [
              {
                "id": "244554ef7cbeee04",
                "type": "leaf",
                "pinned": true,
                "state": {
                  "type": "markdown",
                  "state": {
                    "file": "Atlas/Conceitos/+ Entendendo o básico Obsidian/02 Markdown.md",
                    "mode": "preview",
                    "source": false,
                    "backlinks": false
                  },
                  "pinned": true,
                  "icon": "lucide-file",
                  "title": "02 Markdown"
                }
              },
              {
                "id": "17dcde48dad5f39f",
                "type": "leaf",
                "pinned": true,
                "state": {
                  "type": "markdown",
                  "state": {
                    "file": "Atlas/Conceitos/+ Entendendo o básico Obsidian/03 Propriedades.md",
                    "mode": "preview",
                    "source": false,
                    "backlinks": false
                  },
                  "pinned": true,
                  "icon": "lucide-file",
                  "title": "03 Propriedades"
                }
              },
              {
                "id": "5305e2d3666b194a",
                "type": "leaf",
                "pinned": true,
                "state": {
                  "type": "markdown",
                  "state": {
                    "file": "Atlas/Conceitos/+ Entendendo o básico Obsidian/04 Entendendo Coleções.md",
                    "mode": "preview",
                    "source": false,
                    "backlinks": false
                  },
                  "pinned": true,
                  "icon": "lucide-file",
                  "title": "04 Entendendo Coleções"
                }
              },
              {
                "id": "57aa51bba2f4068c",
                "type": "leaf",
                "state": {
                  "type": "markdown",
                  "state": {
                    "file": "Atlas/Conceitos/+ Entendendo o básico Obsidian/06 Boas Práticas de Classificação.md",
                    "mode": "preview",
                    "source": false,
                    "backlinks": false
                  },
                  "icon": "lucide-file",
                  "title": "06 Boas Práticas de Classificação"
                }
              },
              {
                "id": "874ba332676ecf37",
                "type": "leaf",
                "state": {
                  "type": "markdown",
                  "state": {
                    "file": "Atlas/Conceitos/+ Entendendo o básico Obsidian/07 Sugestões de Classificações.md",
                    "mode": "preview",
                    "source": false,
                    "backlinks": false
                  },
                  "icon": "lucide-file",
                  "title": "07 Sugestões de Classificações"
                }
              }
            ],
            "stacked": true
          }
        ],
        "direction": "vertical"
      },
      "left": {
        "id": "da223467db4c9158",
        "type": "split",
        "children": [
          {
            "id": "3ba83bbb7904c6a3",
            "type": "tabs",
            "children": [
              {
                "id": "b34c0f902b1265c0",
                "type": "leaf",
                "state": {
                  "type": "file-explorer",
                  "state": {
                    "sortOrder": "alphabetical",
                    "autoReveal": false
                  },
                  "icon": "lucide-folder-closed",
                  "title": "Explorador de arquivos"
                }
              },
              {
                "id": "c3dcb494a0674c29",
                "type": "leaf",
                "state": {
                  "type": "search",
                  "state": {
                    "query": "tag:#info",
                    "matchingCase": false,
                    "explainSearch": false,
                    "collapseAll": false,
                    "extraContext": false,
                    "sortOrder": "alphabetical"
                  },
                  "icon": "lucide-search",
                  "title": "Search"
                }
              },
              {
                "id": "e0f7509dece0369f",
                "type": "leaf",
                "state": {
                  "type": "bookmarks",
                  "state": {},
                  "icon": "lucide-bookmark",
                  "title": "Bookmarks"
                }
              },
              {
                "id": "50e7c6b7f44ce329",
                "type": "leaf",
                "state": {
                  "type": "recent-files",
                  "state": {},
                  "icon": "clock",
                  "title": "Recent Files"
                }
              }
            ]
          }
        ],
        "direction": "horizontal",
        "width": 309.5,
        "collapsed": true
      },
      "right": {
        "id": "3703f7d8eaeb01fd",
        "type": "split",
        "children": [
          {
            "id": "c4e9b6b7a7b97459",
            "type": "tabs",
            "dimension": 50.093283582089555,
            "children": [
              {
                "id": "2386ef8588c3dc8e",
                "type": "leaf",
                "state": {
                  "type": "tag",
                  "state": {
                    "sortOrder": "frequency",
                    "useHierarchy": true,
                    "showSearch": false,
                    "searchQuery": ""
                  },
                  "icon": "lucide-tags",
                  "title": "Tags"
                }
              },
              {
                "id": "f7119f2528338e15",
                "type": "leaf",
                "state": {
                  "type": "outline",
                  "state": {
                    "file": "Atlas/+ Entendendo o básico Obsidian/03 Entendendo Coleções.md",
                    "followCursor": false,
                    "showSearch": false,
                    "searchQuery": ""
                  },
                  "icon": "lucide-list",
                  "title": "Outline of 02 Markdown"
                }
              },
              {
                "id": "1ebc49deb54dd0f7",
                "type": "leaf",
                "state": {
                  "type": "all-properties",
                  "state": {
                    "sortOrder": "frequency",
                    "showSearch": false,
                    "searchQuery": ""
                  },
                  "icon": "lucide-archive",
                  "title": "All properties"
                }
              },
              {
                "id": "40be355d2ebab86f",
                "type": "leaf",
                "state": {
                  "type": "file-properties",
                  "state": {
                    "file": "Atlas/+ Entendendo o básico Obsidian/01 Markdown.md"
                  },
                  "icon": "lucide-info",
                  "title": "File properties for 01 Markdown"
                }
              },
              {
                "id": "5d297ae10b81be7a",
                "type": "leaf",
                "state": {
                  "type": "calendar",
                  "state": {},
                  "icon": "calendar-with-checkmark",
                  "title": "Calendar"
                }
              }
            ],
            "currentTab": 1
          },
          {
            "id": "3954ea8e597c4a31",
            "type": "tabs",
            "dimension": 49.906716417910445,
            "children": [
              {
                "id": "d832fe089cbd3a82",
                "type": "leaf",
                "pinned": true,
                "state": {
                  "type": "markdown",
                  "state": {
                    "file": "X/Assets/_atalhos.md",
                    "mode": "source",
                    "source": false,
                    "backlinks": false
                  },
                  "pinned": true,
                  "icon": "lucide-file",
                  "title": "_atalhos"
                }
              }
            ]
          }
        ],
        "direction": "horizontal",
        "width": 381.5,
        "collapsed": true
      },
      "left-ribbon": {
        "hiddenItems": {
          "switcher:Abrir a troca rápida": false,
          "graph:Abrir visualização em gráfico": false,
          "canvas:Criar novo canvas": false,
          "daily-notes:Abrir a nota de hoje": false,
          "templates:Inserir modelo": false,
          "command-palette:Abrir paleta de comandos": false,
          "workspaces:Gerenciar leiautes da área de trabalho": false,
          "bases:Criar nova base": false,
          "periodic-notes:Open today": false,
          "callout-manager:Insert Callout": false,
          "templater-obsidian:Templater": false
        }
      },
      "active": "244554ef7cbeee04",
      "mtime": "2026-01-25T11:38:23-03:00"
    },
    "02 - Introdução ao ACE Method": {
      "main": {
        "id": "2178b4b13ad8d220",
        "type": "split",
        "children": [
          {
            "id": "8a0a38f57f5b73aa",
            "type": "tabs",
            "children": [
              {
                "id": "d038f20765040260",
                "type": "leaf",
                "state": {
                  "type": "markdown",
                  "state": {
                    "file": "Atlas/Conceitos/+ Entendendo o básico Obsidian/08 ACE Pack.md",
                    "mode": "preview",
                    "source": false,
                    "backlinks": false
                  },
                  "icon": "lucide-file",
                  "title": "08 ACE Pack"
                }
              }
            ]
          },
          {
            "id": "fde643304c26f34a",
            "type": "tabs",
            "children": [
              {
                "id": "f291f4aba4ff75bc",
                "type": "leaf",
                "state": {
                  "type": "localgraph",
                  "state": {
                    "file": "Atlas/Conceitos/+ Entendendo o básico Obsidian/08 ACE Pack.md",
                    "options": {
                      "collapse-filter": false,
                      "search": "",
                      "localJumps": 1,
                      "localBacklinks": false,
                      "localForelinks": true,
                      "localInterlinks": true,
                      "showTags": false,
                      "showAttachments": false,
                      "hideUnresolved": false,
                      "collapse-color-groups": true,
                      "colorGroups": [],
                      "collapse-display": false,
                      "showArrow": true,
                      "textFadeMultiplier": -0.1,
                      "nodeSizeMultiplier": 1.87090657552083,
                      "lineSizeMultiplier": 1.08534342447917,
                      "collapse-forces": true,
                      "centerStrength": 0.518713248970312,
                      "repelStrength": 10,
                      "linkStrength": 1,
                      "linkDistance": 250,
                      "scale": 1,
                      "close": true
                    }
                  },
                  "icon": "lucide-git-fork",
                  "title": "Gráfico de 08 ACE Pack"
                }
              }
            ]
          }
        ],
        "direction": "vertical"
      },
      "left": {
        "id": "da223467db4c9158",
        "type": "split",
        "children": [
          {
            "id": "3ba83bbb7904c6a3",
            "type": "tabs",
            "children": [
              {
                "id": "b34c0f902b1265c0",
                "type": "leaf",
                "state": {
                  "type": "file-explorer",
                  "state": {
                    "sortOrder": "alphabetical",
                    "autoReveal": false
                  },
                  "icon": "lucide-folder-closed",
                  "title": "Explorador de arquivos"
                }
              },
              {
                "id": "c3dcb494a0674c29",
                "type": "leaf",
                "state": {
                  "type": "search",
                  "state": {
                    "query": "tag:#info",
                    "matchingCase": false,
                    "explainSearch": false,
                    "collapseAll": false,
                    "extraContext": false,
                    "sortOrder": "alphabetical"
                  },
                  "icon": "lucide-search",
                  "title": "Search"
                }
              },
              {
                "id": "e0f7509dece0369f",
                "type": "leaf",
                "state": {
                  "type": "bookmarks",
                  "state": {},
                  "icon": "lucide-bookmark",
                  "title": "Bookmarks"
                }
              },
              {
                "id": "50e7c6b7f44ce329",
                "type": "leaf",
                "state": {
                  "type": "recent-files",
                  "state": {},
                  "icon": "clock",
                  "title": "Recent Files"
                }
              }
            ]
          }
        ],
        "direction": "horizontal",
        "width": 309.5,
        "collapsed": true
      },
      "right": {
        "id": "3703f7d8eaeb01fd",
        "type": "split",
        "children": [
          {
            "id": "c4e9b6b7a7b97459",
            "type": "tabs",
            "dimension": 50.093283582089555,
            "children": [
              {
                "id": "2386ef8588c3dc8e",
                "type": "leaf",
                "state": {
                  "type": "tag",
                  "state": {
                    "sortOrder": "frequency",
                    "useHierarchy": true,
                    "showSearch": false,
                    "searchQuery": ""
                  },
                  "icon": "lucide-tags",
                  "title": "Tags"
                }
              },
              {
                "id": "f7119f2528338e15",
                "type": "leaf",
                "state": {
                  "type": "outline",
                  "state": {
                    "file": "Atlas/+ Entendendo o básico Obsidian/08 ACE Pack.md",
                    "followCursor": false,
                    "showSearch": false,
                    "searchQuery": ""
                  },
                  "icon": "lucide-list",
                  "title": "Outline of 08 ACE Pack"
                }
              },
              {
                "id": "1ebc49deb54dd0f7",
                "type": "leaf",
                "state": {
                  "type": "all-properties",
                  "state": {
                    "sortOrder": "frequency",
                    "showSearch": false,
                    "searchQuery": ""
                  },
                  "icon": "lucide-archive",
                  "title": "All properties"
                }
              },
              {
                "id": "40be355d2ebab86f",
                "type": "leaf",
                "state": {
                  "type": "file-properties",
                  "state": {
                    "file": "Atlas/+ Entendendo o básico Obsidian/08 ACE Pack.md"
                  },
                  "icon": "lucide-info",
                  "title": "File properties for 08 ACE Pack"
                }
              },
              {
                "id": "5d297ae10b81be7a",
                "type": "leaf",
                "state": {
                  "type": "calendar",
                  "state": {},
                  "icon": "calendar-with-checkmark",
                  "title": "Calendar"
                }
              }
            ],
            "currentTab": 3
          },
          {
            "id": "3954ea8e597c4a31",
            "type": "tabs",
            "dimension": 49.906716417910445,
            "children": [
              {
                "id": "d832fe089cbd3a82",
                "type": "leaf",
                "pinned": true,
                "state": {
                  "type": "markdown",
                  "state": {
                    "file": "X/Assets/_atalhos.md",
                    "mode": "source",
                    "source": false,
                    "backlinks": false
                  },
                  "pinned": true,
                  "icon": "lucide-file",
                  "title": "_atalhos"
                }
              }
            ]
          }
        ],
        "direction": "horizontal",
        "width": 381.5,
        "collapsed": true
      },
      "left-ribbon": {
        "hiddenItems": {
          "switcher:Abrir a troca rápida": false,
          "graph:Abrir visualização em gráfico": false,
          "canvas:Criar novo canvas": false,
          "daily-notes:Abrir a nota de hoje": false,
          "templates:Inserir modelo": false,
          "command-palette:Abrir paleta de comandos": false,
          "workspaces:Gerenciar leiautes da área de trabalho": false,
          "bases:Criar nova base": false,
          "periodic-notes:Open today": false,
          "callout-manager:Insert Callout": false,
          "templater-obsidian:Templater": false
        }
      },
      "active": "f291f4aba4ff75bc",
      "mtime": "2026-01-25T11:35:32-03:00"
    },
    "03 - ARC Framework": {
      "main": {
        "id": "2178b4b13ad8d220",
        "type": "split",
        "children": [
          {
            "id": "8beddab57634af6f",
            "type": "tabs",
            "children": [
              {
                "id": "d62913589b32eb93",
                "type": "leaf",
                "state": {
                  "type": "markdown",
                  "state": {
                    "file": "Atlas/Conceitos/+ Entendendo o básico Obsidian/08 ACE Pack.md",
                    "mode": "preview",
                    "source": false,
                    "backlinks": false
                  },
                  "icon": "lucide-file",
                  "title": "08 ACE Pack"
                }
              },
              {
                "id": "4b6b0f9ee2c5fdd6",
                "type": "leaf",
                "state": {
                  "type": "markdown",
                  "state": {
                    "file": "Atlas/Conceitos/+ Entendendo o básico Obsidian/09 ARC Framework.md",
                    "mode": "preview",
                    "source": false,
                    "backlinks": false
                  },
                  "icon": "lucide-file",
                  "title": "09 ARC Framework"
                }
              }
            ],
            "stacked": true
          }
        ],
        "direction": "vertical"
      },
      "left": {
        "id": "da223467db4c9158",
        "type": "split",
        "children": [
          {
            "id": "3ba83bbb7904c6a3",
            "type": "tabs",
            "children": [
              {
                "id": "b34c0f902b1265c0",
                "type": "leaf",
                "state": {
                  "type": "file-explorer",
                  "state": {
                    "sortOrder": "alphabetical",
                    "autoReveal": false
                  },
                  "icon": "lucide-folder-closed",
                  "title": "Explorador de arquivos"
                }
              },
              {
                "id": "c3dcb494a0674c29",
                "type": "leaf",
                "state": {
                  "type": "search",
                  "state": {
                    "query": "tag:#info",
                    "matchingCase": false,
                    "explainSearch": false,
                    "collapseAll": false,
                    "extraContext": false,
                    "sortOrder": "alphabetical"
                  },
                  "icon": "lucide-search",
                  "title": "Search"
                }
              },
              {
                "id": "e0f7509dece0369f",
                "type": "leaf",
                "state": {
                  "type": "bookmarks",
                  "state": {},
                  "icon": "lucide-bookmark",
                  "title": "Bookmarks"
                }
              }
            ]
          }
        ],
        "direction": "horizontal",
        "width": 309.5,
        "collapsed": true
      },
      "right": {
        "id": "3703f7d8eaeb01fd",
        "type": "split",
        "children": [
          {
            "id": "c4e9b6b7a7b97459",
            "type": "tabs",
            "dimension": 43.47014925373134,
            "children": [
              {
                "id": "f7119f2528338e15",
                "type": "leaf",
                "state": {
                  "type": "outline",
                  "state": {
                    "file": "Atlas/+ Entendendo o básico Obsidian/08 ACE Pack.md",
                    "followCursor": false,
                    "showSearch": false,
                    "searchQuery": ""
                  },
                  "icon": "lucide-list",
                  "title": "Outline of 08 ACE Pack"
                }
              },
              {
                "id": "2386ef8588c3dc8e",
                "type": "leaf",
                "state": {
                  "type": "tag",
                  "state": {
                    "sortOrder": "frequency",
                    "useHierarchy": true,
                    "showSearch": false,
                    "searchQuery": ""
                  },
                  "icon": "lucide-tags",
                  "title": "Tags"
                }
              },
              {
                "id": "1ebc49deb54dd0f7",
                "type": "leaf",
                "state": {
                  "type": "all-properties",
                  "state": {
                    "sortOrder": "frequency",
                    "showSearch": false,
                    "searchQuery": ""
                  },
                  "icon": "lucide-archive",
                  "title": "All properties"
                }
              },
              {
                "id": "40be355d2ebab86f",
                "type": "leaf",
                "state": {
                  "type": "file-properties",
                  "state": {
                    "file": "X/Templates/Format/A-Daily Note Template.md"
                  },
                  "icon": "lucide-info",
                  "title": "File properties for como + funciona"
                }
              },
              {
                "id": "7a2141420f060740",
                "type": "leaf",
                "state": {
                  "type": "outgoing-link",
                  "state": {
                    "file": "Atlas/Conceitos/+ Entendendo o básico Obsidian/09 ARC Framework.md",
                    "linksCollapsed": false,
                    "unlinkedCollapsed": true
                  },
                  "icon": "links-going-out",
                  "title": "Links de saída para 09 ARC Framework"
                }
              },
              {
                "id": "5d297ae10b81be7a",
                "type": "leaf",
                "state": {
                  "type": "calendar",
                  "state": {},
                  "icon": "calendar-with-checkmark",
                  "title": "Calendar"
                }
              }
            ],
            "currentTab": 4
          },
          {
            "id": "3954ea8e597c4a31",
            "type": "tabs",
            "dimension": 56.529850746268664,
            "children": [
              {
                "id": "4a14dbc185b2a8da",
                "type": "leaf",
                "state": {
                  "type": "localgraph",
                  "state": {
                    "file": "Atlas/Conceitos/+ Entendendo o básico Obsidian/09 ARC Framework.md",
                    "options": {
                      "collapse-filter": true,
                      "search": "",
                      "localJumps": 1,
                      "localBacklinks": true,
                      "localForelinks": true,
                      "localInterlinks": false,
                      "showTags": false,
                      "showAttachments": false,
                      "hideUnresolved": false,
                      "collapse-color-groups": true,
                      "colorGroups": [],
                      "collapse-display": true,
                      "showArrow": false,
                      "textFadeMultiplier": 0,
                      "nodeSizeMultiplier": 1,
                      "lineSizeMultiplier": 1,
                      "collapse-forces": true,
                      "centerStrength": 0.518713248970312,
                      "repelStrength": 10,
                      "linkStrength": 1,
                      "linkDistance": 250,
                      "scale": 0.6666666666666666,
                      "close": true
                    }
                  },
                  "icon": "lucide-git-fork",
                  "title": "Gráfico de 09 ARC Framework"
                }
              },
              {
                "id": "c133cbfbc6b00289",
                "type": "leaf",
                "state": {
                  "type": "backlink",
                  "state": {
                    "file": "Atlas/+ Entendendo o básico Obsidian/09 ARC Framework.md",
                    "collapseAll": true,
                    "extraContext": false,
                    "sortOrder": "alphabetical",
                    "showSearch": false,
                    "searchQuery": "",
                    "backlinkCollapsed": false,
                    "unlinkedCollapsed": true
                  },
                  "icon": "links-coming-in",
                  "title": "Backlinks for 09 ARC Framework"
                }
              },
              {
                "id": "d832fe089cbd3a82",
                "type": "leaf",
                "state": {
                  "type": "markdown",
                  "state": {
                    "file": "X/Assets/_atalhos.md",
                    "mode": "source",
                    "source": false,
                    "backlinks": false
                  },
                  "icon": "lucide-file",
                  "title": "_atalhos"
                }
              }
            ]
          }
        ],
        "direction": "horizontal",
        "width": 381.5,
        "collapsed": true
      },
      "left-ribbon": {
        "hiddenItems": {
          "switcher:Abrir a troca rápida": false,
          "graph:Abrir visualização em gráfico": false,
          "canvas:Criar novo canvas": false,
          "daily-notes:Abrir a nota de hoje": false,
          "templates:Inserir modelo": false,
          "command-palette:Abrir paleta de comandos": false,
          "workspaces:Gerenciar leiautes da área de trabalho": false,
          "bases:Criar nova base": false,
          "periodic-notes:Open today": false,
          "callout-manager:Insert Callout": false,
          "templater-obsidian:Templater": false
        }
      },
      "active": "d62913589b32eb93",
      "mtime": "2026-01-25T11:35:42-03:00"
    },
    "04 - Homepage & Checklist": {
      "main": {
        "id": "2178b4b13ad8d220",
        "type": "split",
        "children": [
          {
            "id": "bbea4e294b7a7149",
            "type": "tabs",
            "dimension": 65.70743405275779,
            "children": [
              {
                "id": "0f46afb68d4953d8",
                "type": "leaf",
                "state": {
                  "type": "markdown",
                  "state": {
                    "file": "🏠.md",
                    "mode": "preview",
                    "source": false,
                    "backlinks": false
                  },
                  "icon": "lucide-file",
                  "title": "🏠"
                }
              }
            ]
          },
          {
            "id": "d7ab741051c67587",
            "type": "tabs",
            "dimension": 34.2925659472422,
            "children": [
              {
                "id": "50e970a64c70c495",
                "type": "leaf",
                "pinned": true,
                "state": {
                  "type": "markdown",
                  "state": {
                    "file": "Atlas/Index & Bases/11 Checklist.md",
                    "mode": "preview",
                    "source": false,
                    "backlinks": false
                  },
                  "pinned": true,
                  "icon": "lucide-file",
                  "title": "11 Checklist"
                }
              }
            ]
          }
        ],
        "direction": "vertical"
      },
      "left": {
        "id": "da223467db4c9158",
        "type": "split",
        "children": [
          {
            "id": "3ba83bbb7904c6a3",
            "type": "tabs",
            "children": [
              {
                "id": "b34c0f902b1265c0",
                "type": "leaf",
                "state": {
                  "type": "file-explorer",
                  "state": {
                    "sortOrder": "alphabetical",
                    "autoReveal": false
                  },
                  "icon": "lucide-folder-closed",
                  "title": "Explorador de arquivos"
                }
              },
              {
                "id": "c3dcb494a0674c29",
                "type": "leaf",
                "state": {
                  "type": "search",
                  "state": {
                    "query": "tag:#info",
                    "matchingCase": false,
                    "explainSearch": false,
                    "collapseAll": false,
                    "extraContext": false,
                    "sortOrder": "alphabetical"
                  },
                  "icon": "lucide-search",
                  "title": "Search"
                }
              },
              {
                "id": "e0f7509dece0369f",
                "type": "leaf",
                "state": {
                  "type": "bookmarks",
                  "state": {},
                  "icon": "lucide-bookmark",
                  "title": "Bookmarks"
                }
              },
              {
                "id": "50e7c6b7f44ce329",
                "type": "leaf",
                "state": {
                  "type": "recent-files",
                  "state": {},
                  "icon": "clock",
                  "title": "Recent Files"
                }
              }
            ]
          }
        ],
        "direction": "horizontal",
        "width": 309.5,
        "collapsed": true
      },
      "right": {
        "id": "3703f7d8eaeb01fd",
        "type": "split",
        "children": [
          {
            "id": "c4e9b6b7a7b97459",
            "type": "tabs",
            "dimension": 50.093283582089555,
            "children": [
              {
                "id": "2386ef8588c3dc8e",
                "type": "leaf",
                "state": {
                  "type": "tag",
                  "state": {
                    "sortOrder": "frequency",
                    "useHierarchy": true,
                    "showSearch": false,
                    "searchQuery": ""
                  },
                  "icon": "lucide-tags",
                  "title": "Tags"
                }
              },
              {
                "id": "f7119f2528338e15",
                "type": "leaf",
                "state": {
                  "type": "outline",
                  "state": {
                    "file": "Atlas/+ Entendendo o básico Obsidian/08 ACE Pack.md",
                    "followCursor": false,
                    "showSearch": false,
                    "searchQuery": ""
                  },
                  "icon": "lucide-list",
                  "title": "Outline of 08 ACE Pack"
                }
              },
              {
                "id": "1ebc49deb54dd0f7",
                "type": "leaf",
                "state": {
                  "type": "all-properties",
                  "state": {
                    "sortOrder": "frequency",
                    "showSearch": false,
                    "searchQuery": ""
                  },
                  "icon": "lucide-archive",
                  "title": "All properties"
                }
              },
              {
                "id": "40be355d2ebab86f",
                "type": "leaf",
                "state": {
                  "type": "file-properties",
                  "state": {
                    "file": "Atlas/+ Entendendo o básico Obsidian/08 ACE Pack.md"
                  },
                  "icon": "lucide-info",
                  "title": "File properties for 08 ACE Pack"
                }
              },
              {
                "id": "5d297ae10b81be7a",
                "type": "leaf",
                "state": {
                  "type": "calendar",
                  "state": {},
                  "icon": "calendar-with-checkmark",
                  "title": "Calendar"
                }
              },
              {
                "id": "12d66412a1b67378",
                "type": "leaf",
                "state": {
                  "type": "backlink",
                  "state": {
                    "file": "Atlas/Conceitos/+ Entendendo o básico Obsidian/08 ACE Pack.md",
                    "collapseAll": false,
                    "extraContext": false,
                    "sortOrder": "alphabetical",
                    "showSearch": false,
                    "searchQuery": "",
                    "backlinkCollapsed": false,
                    "unlinkedCollapsed": true
                  },
                  "icon": "links-coming-in",
                  "title": "Links inversos para 08 ACE Pack"
                }
              },
              {
                "id": "c3984c5d8db48496",
                "type": "leaf",
                "state": {
                  "type": "outgoing-link",
                  "state": {
                    "file": "Atlas/Conceitos/+ Entendendo o básico Obsidian/08 ACE Pack.md",
                    "linksCollapsed": false,
                    "unlinkedCollapsed": true
                  },
                  "icon": "links-going-out",
                  "title": "Links de saída para 08 ACE Pack"
                }
              }
            ],
            "currentTab": 3
          },
          {
            "id": "3954ea8e597c4a31",
            "type": "tabs",
            "dimension": 49.906716417910445,
            "children": [
              {
                "id": "d832fe089cbd3a82",
                "type": "leaf",
                "pinned": true,
                "state": {
                  "type": "markdown",
                  "state": {
                    "file": "X/Assets/_atalhos.md",
                    "mode": "source",
                    "source": false,
                    "backlinks": false
                  },
                  "pinned": true,
                  "icon": "lucide-file",
                  "title": "_atalhos"
                }
              }
            ]
          }
        ],
        "direction": "horizontal",
        "width": 381.5,
        "collapsed": true
      },
      "left-ribbon": {
        "hiddenItems": {
          "switcher:Abrir a troca rápida": false,
          "graph:Abrir visualização em gráfico": false,
          "canvas:Criar novo canvas": false,
          "daily-notes:Abrir a nota de hoje": false,
          "templates:Inserir modelo": false,
          "command-palette:Abrir paleta de comandos": false,
          "workspaces:Gerenciar leiautes da área de trabalho": false,
          "bases:Criar nova base": false,
          "callout-manager:Insert Callout": false,
          "templater-obsidian:Templater": false,
          "periodic-notes:Open today": false
        }
      },
      "active": "0f46afb68d4953d8",
      "mtime": "2026-01-25T11:35:53-03:00"
    },
    "05 - PKM index": {
      "main": {
        "id": "2178b4b13ad8d220",
        "type": "split",
        "children": [
          {
            "id": "8beddab57634af6f",
            "type": "tabs",
            "children": [
              {
                "id": "22262c9526cbabe9",
                "type": "leaf",
                "pinned": true,
                "state": {
                  "type": "markdown",
                  "state": {
                    "file": "Atlas/Index & Bases/+ Gestão de Conhecimento.md",
                    "mode": "preview",
                    "source": false,
                    "backlinks": false
                  },
                  "pinned": true,
                  "icon": "lucide-file",
                  "title": "+ Gestão de Conhecimento"
                }
              }
            ]
          },
          {
            "id": "9be0701383128896",
            "type": "tabs",
            "children": [
              {
                "id": "2bc6dd2084c91080",
                "type": "leaf",
                "state": {
                  "type": "localgraph",
                  "state": {
                    "file": "Atlas/Index & Bases/+ Gestão de Conhecimento.md",
                    "options": {
                      "collapse-filter": false,
                      "search": "-path:\"Calendar & Review\"  ",
                      "localJumps": 3,
                      "localBacklinks": true,
                      "localForelinks": false,
                      "localInterlinks": false,
                      "showTags": false,
                      "showAttachments": false,
                      "hideUnresolved": false,
                      "collapse-color-groups": false,
                      "colorGroups": [],
                      "collapse-display": false,
                      "showArrow": true,
                      "textFadeMultiplier": -1.2,
                      "nodeSizeMultiplier": 1.23806966145833,
                      "lineSizeMultiplier": 1.40475260416667,
                      "collapse-forces": false,
                      "centerStrength": 0.531819661458333,
                      "repelStrength": 9.57682291666667,
                      "linkStrength": 1,
                      "linkDistance": 250,
                      "scale": 1,
                      "close": true
                    }
                  },
                  "icon": "lucide-git-fork",
                  "title": "Gráfico de + Gestão de Conhecimento"
                }
              }
            ]
          }
        ],
        "direction": "vertical"
      },
      "left": {
        "id": "da223467db4c9158",
        "type": "split",
        "children": [
          {
            "id": "3ba83bbb7904c6a3",
            "type": "tabs",
            "children": [
              {
                "id": "b34c0f902b1265c0",
                "type": "leaf",
                "state": {
                  "type": "file-explorer",
                  "state": {
                    "sortOrder": "alphabetical",
                    "autoReveal": false
                  },
                  "icon": "lucide-folder-closed",
                  "title": "Explorador de arquivos"
                }
              },
              {
                "id": "c3dcb494a0674c29",
                "type": "leaf",
                "state": {
                  "type": "search",
                  "state": {
                    "query": "tag:#info",
                    "matchingCase": false,
                    "explainSearch": false,
                    "collapseAll": false,
                    "extraContext": false,
                    "sortOrder": "alphabetical"
                  },
                  "icon": "lucide-search",
                  "title": "Search"
                }
              },
              {
                "id": "e0f7509dece0369f",
                "type": "leaf",
                "state": {
                  "type": "bookmarks",
                  "state": {},
                  "icon": "lucide-bookmark",
                  "title": "Bookmarks"
                }
              }
            ],
            "currentTab": 2
          }
        ],
        "direction": "horizontal",
        "width": 309.5,
        "collapsed": true
      },
      "right": {
        "id": "3703f7d8eaeb01fd",
        "type": "split",
        "children": [
          {
            "id": "c4e9b6b7a7b97459",
            "type": "tabs",
            "dimension": 43.47014925373134,
            "children": [
              {
                "id": "f7119f2528338e15",
                "type": "leaf",
                "state": {
                  "type": "outline",
                  "state": {
                    "followCursor": false,
                    "showSearch": false,
                    "searchQuery": ""
                  },
                  "icon": "lucide-list",
                  "title": "Outline"
                }
              },
              {
                "id": "2386ef8588c3dc8e",
                "type": "leaf",
                "state": {
                  "type": "tag",
                  "state": {
                    "sortOrder": "frequency",
                    "useHierarchy": true,
                    "showSearch": false,
                    "searchQuery": ""
                  },
                  "icon": "lucide-tags",
                  "title": "Tags"
                }
              },
              {
                "id": "1ebc49deb54dd0f7",
                "type": "leaf",
                "state": {
                  "type": "all-properties",
                  "state": {
                    "sortOrder": "frequency",
                    "showSearch": false,
                    "searchQuery": ""
                  },
                  "icon": "lucide-archive",
                  "title": "Todas as propriedades"
                }
              },
              {
                "id": "40be355d2ebab86f",
                "type": "leaf",
                "state": {
                  "type": "file-properties",
                  "state": {
                    "file": "X/Templates/Format/A-Daily Note Template.md"
                  },
                  "icon": "lucide-info",
                  "title": "File properties for como + funciona"
                }
              },
              {
                "id": "7a2141420f060740",
                "type": "leaf",
                "state": {
                  "type": "outgoing-link",
                  "state": {
                    "file": "Atlas/+ Entendendo o básico Obsidian/+ Gestão de Conhecimento.md",
                    "linksCollapsed": false,
                    "unlinkedCollapsed": true
                  },
                  "icon": "links-going-out",
                  "title": "Outgoing links from + Gestão de Conhecimento"
                }
              },
              {
                "id": "5d297ae10b81be7a",
                "type": "leaf",
                "state": {
                  "type": "calendar",
                  "state": {},
                  "icon": "calendar-with-checkmark",
                  "title": "Calendar"
                }
              }
            ]
          },
          {
            "id": "3954ea8e597c4a31",
            "type": "tabs",
            "dimension": 56.529850746268664,
            "children": [
              {
                "id": "c133cbfbc6b00289",
                "type": "leaf",
                "state": {
                  "type": "backlink",
                  "state": {
                    "collapseAll": true,
                    "extraContext": false,
                    "sortOrder": "alphabetical",
                    "showSearch": false,
                    "searchQuery": "",
                    "backlinkCollapsed": false,
                    "unlinkedCollapsed": true
                  },
                  "icon": "links-coming-in",
                  "title": "Backlinks"
                }
              },
              {
                "id": "d832fe089cbd3a82",
                "type": "leaf",
                "state": {
                  "type": "markdown",
                  "state": {
                    "file": "X/Assets/_atalhos.md",
                    "mode": "source",
                    "source": false,
                    "backlinks": false
                  },
                  "icon": "lucide-file",
                  "title": "_atalhos"
                }
              }
            ]
          }
        ],
        "direction": "horizontal",
        "width": 381.5,
        "collapsed": true
      },
      "left-ribbon": {
        "hiddenItems": {
          "switcher:Abrir a troca rápida": false,
          "graph:Abrir visualização em gráfico": false,
          "canvas:Criar novo canvas": false,
          "daily-notes:Abrir a nota de hoje": false,
          "templates:Inserir modelo": false,
          "command-palette:Abrir paleta de comandos": false,
          "random-note:Abrir nota aleatória": false,
          "audio-recorder:Começar/parar a gravação de áudio": false,
          "workspaces:Gerenciar leiautes da área de trabalho": false,
          "bases:Criar nova base": false,
          "periodic-notes:Open today": false,
          "callout-manager:Insert Callout": false,
          "templater-obsidian:Templater": false
        }
      },
      "active": "2bc6dd2084c91080",
      "mtime": "2026-01-23T11:44:36-03:00"
    },
    "06 - Templates e Assets": {
      "main": {
        "id": "2178b4b13ad8d220",
        "type": "split",
        "children": [
          {
            "id": "8beddab57634af6f",
            "type": "tabs",
            "children": [
              {
                "id": "d76d7b63e0afbab3",
                "type": "leaf",
                "pinned": true,
                "state": {
                  "type": "markdown",
                  "state": {
                    "file": "X/Assets/Dataview/@-templates.md",
                    "mode": "preview",
                    "source": false,
                    "backlinks": false
                  },
                  "pinned": true,
                  "icon": "lucide-file",
                  "title": "@-templates"
                }
              }
            ]
          },
          {
            "id": "e125e24094fdc972",
            "type": "tabs",
            "children": [
              {
                "id": "d6419b642eb8ed81",
                "type": "leaf",
                "state": {
                  "type": "markdown",
                  "state": {
                    "file": "X/Templates/Format/A-Daily Note Template.md",
                    "mode": "source",
                    "source": true,
                    "backlinks": false
                  },
                  "icon": "lucide-file",
                  "title": "A-Daily Note Template"
                }
              }
            ]
          }
        ],
        "direction": "vertical"
      },
      "left": {
        "id": "da223467db4c9158",
        "type": "split",
        "children": [
          {
            "id": "3ba83bbb7904c6a3",
            "type": "tabs",
            "children": [
              {
                "id": "b34c0f902b1265c0",
                "type": "leaf",
                "state": {
                  "type": "file-explorer",
                  "state": {
                    "sortOrder": "alphabetical",
                    "autoReveal": false
                  },
                  "icon": "lucide-folder-closed",
                  "title": "Explorador de arquivos"
                }
              },
              {
                "id": "c3dcb494a0674c29",
                "type": "leaf",
                "state": {
                  "type": "search",
                  "state": {
                    "query": "tag:#info",
                    "matchingCase": false,
                    "explainSearch": false,
                    "collapseAll": false,
                    "extraContext": false,
                    "sortOrder": "alphabetical"
                  },
                  "icon": "lucide-search",
                  "title": "Procurar"
                }
              },
              {
                "id": "e0f7509dece0369f",
                "type": "leaf",
                "state": {
                  "type": "bookmarks",
                  "state": {},
                  "icon": "lucide-bookmark",
                  "title": "Marcadores"
                }
              }
            ]
          }
        ],
        "direction": "horizontal",
        "width": 309.5,
        "collapsed": true
      },
      "right": {
        "id": "3703f7d8eaeb01fd",
        "type": "split",
        "children": [
          {
            "id": "c4e9b6b7a7b97459",
            "type": "tabs",
            "children": [
              {
                "id": "f7119f2528338e15",
                "type": "leaf",
                "state": {
                  "type": "outline",
                  "state": {
                    "file": "X/Assets/Dataview/@-templates.md",
                    "followCursor": false,
                    "showSearch": false,
                    "searchQuery": ""
                  },
                  "icon": "lucide-list",
                  "title": "Outline of @-templates"
                }
              },
              {
                "id": "2386ef8588c3dc8e",
                "type": "leaf",
                "state": {
                  "type": "tag",
                  "state": {
                    "sortOrder": "frequency",
                    "useHierarchy": true,
                    "showSearch": false,
                    "searchQuery": ""
                  },
                  "icon": "lucide-tags",
                  "title": "Tags"
                }
              },
              {
                "id": "1ebc49deb54dd0f7",
                "type": "leaf",
                "state": {
                  "type": "all-properties",
                  "state": {
                    "sortOrder": "frequency",
                    "showSearch": false,
                    "searchQuery": ""
                  },
                  "icon": "lucide-archive",
                  "title": "Todas as propriedades"
                }
              },
              {
                "id": "40be355d2ebab86f",
                "type": "leaf",
                "state": {
                  "type": "file-properties",
                  "state": {
                    "file": "X/Assets/Dataview/@-templates.md"
                  },
                  "icon": "lucide-info",
                  "title": "Propriedades do arquivo @-templates"
                }
              },
              {
                "id": "7a2141420f060740",
                "type": "leaf",
                "state": {
                  "type": "outgoing-link",
                  "state": {
                    "file": "X/Assets/Dataview/@-templates.md",
                    "linksCollapsed": false,
                    "unlinkedCollapsed": true
                  },
                  "icon": "links-going-out",
                  "title": "Outgoing links from @-templates"
                }
              },
              {
                "id": "5d297ae10b81be7a",
                "type": "leaf",
                "state": {
                  "type": "calendar",
                  "state": {},
                  "icon": "calendar-with-checkmark",
                  "title": "Calendar"
                }
              }
            ],
            "currentTab": 3
          }
        ],
        "direction": "horizontal",
        "width": 381.5,
        "collapsed": true
      },
      "left-ribbon": {
        "hiddenItems": {
          "switcher:Abrir a troca rápida": false,
          "graph:Abrir visualização em gráfico": false,
          "canvas:Criar novo canvas": false,
          "daily-notes:Abrir a nota de hoje": false,
          "templates:Inserir modelo": false,
          "command-palette:Abrir paleta de comandos": false,
          "workspaces:Gerenciar leiautes da área de trabalho": false,
          "bases:Criar nova base": false,
          "periodic-notes:Open today": false,
          "callout-manager:Insert Callout": false,
          "templater-obsidian:Templater": false
        }
      },
      "active": "d76d7b63e0afbab3",
      "mtime": "2026-01-25T11:37:48-03:00"
    }
  },
  "active": "Começe Aqui"
}