{
  "baseFontSizeAction": true,
  "theme": "obsidian",
  "enabledCssSnippets": [
    "datacore-classes",
    "Easy multi-column notes",
    "hidePropertiesBase",
    "StyleCallouts",
    "cards",
    "Nick Milo - Custom Callouts - Pro",
    "k",
    "dashboarPlusPlus",
    "tags-color",
    "Sidenote Auto-Adjust Module",
    "table-view",
    "prismCalloutStyling",
    "ux-customize"
  ],
  "baseFontSize": 12,
  "showRibbon": true,
  "cssTheme": "Things",
  "showViewHeader": true,
  "accentColor": "",
  "nativeMenus": false
}