{
  "baseFontSizeAction": true,
  "theme": "obsidian",
  "enabledCssSnippets": [
    "datacore-classes",
    "Easy multi-column notes",
    "MCL Multi Column",
    "MCL Wide Views",
    "minorAdds",
    "minorFixes",
    "StyleCallouts",
    "table-view",
    "Folder-description",
    "prismCalloutStyling",
    "banner-image",
    "Nick Milo - Custom Callouts - Pro",
    "banner-image-big-image",
    "dashboarPlusPlus",
    "hidePropertiesBase",
    "imageGallery"
  ],
  "baseFontSize": 11,
  "cssTheme": "Things",
  "showRibbon": true
}