{
  "main": {
    "id": "2178b4b13ad8d220",
    "type": "split",
    "children": [
      {
        "id": "480113ca8d9c7463",
        "type": "tabs",
        "children": [
          {
            "id": "e857f13f3b3f005e",
            "type": "leaf",
            "pinned": true,
            "state": {
              "type": "markdown",
              "state": {
                "file": "🏠.md",
                "mode": "preview",
                "source": false,
                "backlinks": true,
                "backlinkOpts": {
                  "collapseAll": false,
                  "extraContext": false,
                  "sortOrder": "alphabetical",
                  "showSearch": false,
                  "searchQuery": "",
                  "backlinkCollapsed": false,
                  "unlinkedCollapsed": true
                }
              },
              "pinned": true,
              "icon": "lucide-file",
              "title": "🏠"
            }
          },
          {
            "id": "d60d0cd61f844f97",
            "type": "leaf",
            "state": {
              "type": "markdown",
              "state": {
                "file": "README.md",
                "mode": "preview",
                "source": false,
                "backlinks": true,
                "backlinkOpts": {
                  "collapseAll": false,
                  "extraContext": false,
                  "sortOrder": "alphabetical",
                  "showSearch": false,
                  "searchQuery": "",
                  "backlinkCollapsed": false,
                  "unlinkedCollapsed": true
                }
              },
              "icon": "lucide-file",
              "title": "README"
            }
          },
          {
            "id": "5878fcb1565d990c",
            "type": "leaf",
            "state": {
              "type": "markdown",
              "state": {
                "file": "Créditos-Atribuições.md",
                "mode": "preview",
                "source": false,
                "backlinks": true,
                "backlinkOpts": {
                  "collapseAll": false,
                  "extraContext": false,
                  "sortOrder": "alphabetical",
                  "showSearch": false,
                  "searchQuery": "",
                  "backlinkCollapsed": false,
                  "unlinkedCollapsed": true
                }
              },
              "icon": "lucide-file",
              "title": "Créditos-Atribuições"
            }
          },
          {
            "id": "e7c27c74a043fbad",
            "type": "leaf",
            "state": {
              "type": "markdown",
              "state": {
                "file": "Atlas/Maps/+ Gestão de Conhecimento.md",
                "mode": "preview",
                "source": false,
                "backlinks": true,
                "backlinkOpts": {
                  "collapseAll": false,
                  "extraContext": false,
                  "sortOrder": "alphabetical",
                  "showSearch": false,
                  "searchQuery": "",
                  "backlinkCollapsed": false,
                  "unlinkedCollapsed": true
                }
              },
              "icon": "lucide-file",
              "title": "+ Gestão de Conhecimento"
            }
          }
        ],
        "currentTab": 1
      }
    ],
    "direction": "vertical"
  },
  "left": {
    "id": "da223467db4c9158",
    "type": "split",
    "children": [
      {
        "id": "3ba83bbb7904c6a3",
        "type": "tabs",
        "children": [
          {
            "id": "b34c0f902b1265c0",
            "type": "leaf",
            "state": {
              "type": "file-explorer",
              "state": {
                "sortOrder": "alphabetical",
                "autoReveal": false
              },
              "icon": "lucide-folder-closed",
              "title": "Explorador de arquivos"
            }
          },
          {
            "id": "c3dcb494a0674c29",
            "type": "leaf",
            "state": {
              "type": "search",
              "state": {
                "query": "",
                "matchingCase": false,
                "explainSearch": false,
                "collapseAll": false,
                "extraContext": false,
                "sortOrder": "alphabetical"
              },
              "icon": "lucide-search",
              "title": "Procurar"
            }
          },
          {
            "id": "e0f7509dece0369f",
            "type": "leaf",
            "state": {
              "type": "bookmarks",
              "state": {},
              "icon": "lucide-bookmark",
              "title": "Marcadores"
            }
          },
          {
            "id": "f7119f2528338e15",
            "type": "leaf",
            "state": {
              "type": "outline",
              "state": {
                "file": "Calendar & Review/Daily Notes/2025-12-11.md",
                "followCursor": false,
                "showSearch": false,
                "searchQuery": ""
              },
              "icon": "lucide-list",
              "title": "Outline of _Atalhos"
            }
          }
        ]
      },
      {
        "id": "5bf066390432bfba",
        "type": "tabs",
        "children": [
          {
            "id": "f8e7e9bde23996cf",
            "type": "leaf",
            "state": {
              "type": "localgraph",
              "state": {
                "file": "README.md",
                "options": {
                  "collapse-filter": false,
                  "search": "",
                  "localJumps": 1,
                  "localBacklinks": true,
                  "localForelinks": true,
                  "localInterlinks": false,
                  "showTags": false,
                  "showAttachments": false,
                  "hideUnresolved": false,
                  "collapse-color-groups": true,
                  "colorGroups": [],
                  "collapse-display": true,
                  "showArrow": false,
                  "textFadeMultiplier": 0,
                  "nodeSizeMultiplier": 1,
                  "lineSizeMultiplier": 1,
                  "collapse-forces": true,
                  "centerStrength": 0.518713248970312,
                  "repelStrength": 10,
                  "linkStrength": 1,
                  "linkDistance": 250,
                  "scale": 0.45456955811720023,
                  "close": true
                }
              },
              "icon": "lucide-git-fork",
              "title": "Gráfico de README"
            }
          },
          {
            "id": "23fbdee040da4c31",
            "type": "leaf",
            "state": {
              "type": "recent-files",
              "state": {},
              "icon": "clock",
              "title": "Recent Files"
            }
          }
        ]
      }
    ],
    "direction": "horizontal",
    "width": 330.5
  },
  "right": {
    "id": "3703f7d8eaeb01fd",
    "type": "split",
    "children": [
      {
        "id": "c4e9b6b7a7b97459",
        "type": "tabs",
        "dimension": 53.153153153153156,
        "children": [
          {
            "id": "72f1b9cde49a80fb",
            "type": "leaf",
            "state": {
              "type": "calendar",
              "state": {},
              "icon": "calendar-with-checkmark",
              "title": "Calendar"
            }
          },
          {
            "id": "d559413d9238a91f",
            "type": "leaf",
            "state": {
              "type": "tasknotes-pomodoro-view",
              "state": {},
              "icon": "lucide-ghost",
              "title": "tasknotes-pomodoro-view"
            }
          },
          {
            "id": "1ebc49deb54dd0f7",
            "type": "leaf",
            "state": {
              "type": "all-properties",
              "state": {
                "sortOrder": "frequency",
                "showSearch": false,
                "searchQuery": ""
              },
              "icon": "lucide-archive",
              "title": "All properties"
            }
          },
          {
            "id": "40be355d2ebab86f",
            "type": "leaf",
            "state": {
              "type": "file-properties",
              "state": {
                "file": "System/Templates/Format/T Journal daily Highlights.md"
              },
              "icon": "lucide-info",
              "title": "File properties for 🏠"
            }
          },
          {
            "id": "2386ef8588c3dc8e",
            "type": "leaf",
            "state": {
              "type": "tag",
              "state": {
                "sortOrder": "frequency",
                "useHierarchy": true,
                "showSearch": false,
                "searchQuery": ""
              },
              "icon": "lucide-tags",
              "title": "Tags"
            }
          }
        ]
      },
      {
        "id": "3954ea8e597c4a31",
        "type": "tabs",
        "dimension": 46.846846846846844,
        "children": [
          {
            "id": "7a2141420f060740",
            "type": "leaf",
            "state": {
              "type": "outgoing-link",
              "state": {
                "file": "🏠.md",
                "linksCollapsed": false,
                "unlinkedCollapsed": true
              },
              "icon": "links-going-out",
              "title": "Outgoing links from _Atalhos"
            }
          },
          {
            "id": "143b5daa1b1727ea",
            "type": "leaf",
            "state": {
              "type": "markdown",
              "state": {
                "file": "System/Assets/_Atalhos.md",
                "mode": "preview",
                "source": false,
                "backlinks": true,
                "backlinkOpts": {
                  "collapseAll": false,
                  "extraContext": false,
                  "sortOrder": "alphabetical",
                  "showSearch": false,
                  "searchQuery": "",
                  "backlinkCollapsed": false,
                  "unlinkedCollapsed": true
                }
              },
              "icon": "lucide-file",
              "title": "_Atalhos"
            }
          }
        ],
        "currentTab": 1
      }
    ],
    "direction": "horizontal",
    "width": 354.5
  },
  "left-ribbon": {
    "hiddenItems": {
      "switcher:Abrir a troca rápida": false,
      "graph:Abrir visualização em gráfico": false,
      "canvas:Criar novo canvas": false,
      "daily-notes:Abrir a nota de hoje": false,
      "templates:Inserir modelo": false,
      "command-palette:Abrir paleta de comandos": false,
      "random-note:Abrir nota aleatória": false,
      "workspaces:Gerenciar leiautes da área de trabalho": false,
      "bases:Criar nova base": false,
      "callout-manager:Insert Callout": true,
      "periodic-notes:Open today": true,
      "templater-obsidian:Templater": true,
      "dashboard-navigator:Open dashboard navigator": false,
      "gridexplorer:Open grid view": false,
      "tasknotes:Open mini calendar": true,
      "tasknotes:Open advanced calendar": false,
      "tasknotes:Open task list": false,
      "tasknotes:Open notes": true,
      "tasknotes:Open agenda": true,
      "tasknotes:Open kanban board": true,
      "tasknotes:Open pomodoro": false,
      "tasknotes:Open pomodoro stats": true,
      "tasknotes:Create new task": true
    }
  },
  "active": "d60d0cd61f844f97",
  "lastOpenFiles": [
    "Atlas/Maps/+ Gestão de Conhecimento.md",
    "README.md",
    "Créditos-Atribuições.md",
    "🏠.md",
    "TaskNotes/Views/tasks-default.base",
    "TaskNotes/Views/relationships.base",
    "TaskNotes/Views/mini-calendar-default.base",
    "TaskNotes/Views/kanban-default.base",
    "TaskNotes/Views/calendar-default.base",
    "TaskNotes/Views/agenda-default.base",
    "TaskNotes/Views",
    "TaskNotes",
    "+/nova nota 2.md",
    "+/1.md",
    "+/new note .md",
    "+/2025-10-15-new note.md",
    "Projects & Areas/Areas/Desenvolvimento Pessoal/Desenvolvimento Pessoal.md",
    "Calendar & Review/Monthly Notes/2025-10.md",
    "Calendar & Review/Monthly Notes/2025-12.md",
    "Calendar & Review/Weekly Notes/2025-W50.md",
    "System/Templates/Format/Daily Note Template.md",
    "System/Templates/Format/T Journal daily Highlights.md",
    "System/Assets/Dataview/@-templates.md",
    "Calendar & Review/Daily Notes/2025-12-11.md",
    "System/Assets/Dataview/@_Garden.md",
    "System/Collections/Desenvolvimento Pessoal.md",
    "System/Assets/Dataview/@_Efforts.md",
    "System/Assets/Dataview/@_created.md",
    "System/Assets/Dataview/@_collections.md",
    "System/Assets/Dataview/@_areas.md",
    "System/Assets/Dataview/@_Architect.md",
    "Calendar & Review/TaskNotes/Tasks/new task.md",
    "Calendar & Review/Daily Notes/GO.md",
    "G.zip",
    "Arquivo compactado.zip",
    "Atlas/Maps/Untitled.canvas",
    "System/Media/arc-flow.png",
    "System/Media/arc-maid.png",
    "System/Media/atlas-f.png"
  ]
}