{
  "workspaces": {
    "home": {
      "main": {
        "id": "2178b4b13ad8d220",
        "type": "split",
        "children": [
          {
            "id": "480113ca8d9c7463",
            "type": "tabs",
            "children": [
              {
                "id": "e857f13f3b3f005e",
                "type": "leaf",
                "pinned": true,
                "state": {
                  "type": "markdown",
                  "state": {
                    "file": "🏠.md",
                    "mode": "preview",
                    "source": false,
                    "backlinks": true,
                    "backlinkOpts": {
                      "collapseAll": false,
                      "extraContext": false,
                      "sortOrder": "alphabetical",
                      "showSearch": false,
                      "searchQuery": "",
                      "backlinkCollapsed": false,
                      "unlinkedCollapsed": true
                    }
                  },
                  "pinned": true,
                  "icon": "lucide-file",
                  "title": "🏠"
                }
              }
            ]
          }
        ],
        "direction": "vertical"
      },
      "left": {
        "id": "da223467db4c9158",
        "type": "split",
        "children": [
          {
            "id": "3ba83bbb7904c6a3",
            "type": "tabs",
            "children": [
              {
                "id": "b34c0f902b1265c0",
                "type": "leaf",
                "state": {
                  "type": "file-explorer",
                  "state": {
                    "sortOrder": "alphabetical",
                    "autoReveal": false
                  },
                  "icon": "lucide-folder-closed",
                  "title": "Files"
                }
              },
              {
                "id": "c3dcb494a0674c29",
                "type": "leaf",
                "state": {
                  "type": "search",
                  "state": {
                    "query": "",
                    "matchingCase": false,
                    "explainSearch": false,
                    "collapseAll": false,
                    "extraContext": false,
                    "sortOrder": "alphabetical"
                  },
                  "icon": "lucide-search",
                  "title": "Procurar"
                }
              },
              {
                "id": "e0f7509dece0369f",
                "type": "leaf",
                "state": {
                  "type": "bookmarks",
                  "state": {},
                  "icon": "lucide-bookmark",
                  "title": "Marcadores"
                }
              },
              {
                "id": "f7119f2528338e15",
                "type": "leaf",
                "state": {
                  "type": "outline",
                  "state": {
                    "file": "Calendar & Review/Daily Notes/2025-12-11.md",
                    "followCursor": false,
                    "showSearch": false,
                    "searchQuery": ""
                  },
                  "icon": "lucide-list",
                  "title": "Outline of _Atalhos"
                }
              }
            ]
          },
          {
            "id": "5bf066390432bfba",
            "type": "tabs",
            "children": [
              {
                "id": "f8e7e9bde23996cf",
                "type": "leaf",
                "state": {
                  "type": "localgraph",
                  "state": {
                    "file": "🏠.md",
                    "options": {
                      "collapse-filter": false,
                      "search": "",
                      "localJumps": 1,
                      "localBacklinks": true,
                      "localForelinks": true,
                      "localInterlinks": false,
                      "showTags": false,
                      "showAttachments": false,
                      "hideUnresolved": false,
                      "collapse-color-groups": true,
                      "colorGroups": [],
                      "collapse-display": true,
                      "showArrow": false,
                      "textFadeMultiplier": 0,
                      "nodeSizeMultiplier": 1,
                      "lineSizeMultiplier": 1,
                      "collapse-forces": true,
                      "centerStrength": 0.518713248970312,
                      "repelStrength": 10,
                      "linkStrength": 1,
                      "linkDistance": 250,
                      "scale": 0.45456955811720023,
                      "close": true
                    }
                  },
                  "icon": "lucide-git-fork",
                  "title": "Graph of 🏠"
                }
              },
              {
                "id": "23fbdee040da4c31",
                "type": "leaf",
                "state": {
                  "type": "recent-files",
                  "state": {},
                  "icon": "clock",
                  "title": "Recent Files"
                }
              }
            ]
          }
        ],
        "direction": "horizontal",
        "width": 330.5
      },
      "right": {
        "id": "3703f7d8eaeb01fd",
        "type": "split",
        "children": [
          {
            "id": "c4e9b6b7a7b97459",
            "type": "tabs",
            "dimension": 53.153153153153156,
            "children": [
              {
                "id": "72f1b9cde49a80fb",
                "type": "leaf",
                "state": {
                  "type": "calendar",
                  "state": {},
                  "icon": "calendar-with-checkmark",
                  "title": "Calendar"
                }
              },
              {
                "id": "d559413d9238a91f",
                "type": "leaf",
                "state": {
                  "type": "tasknotes-pomodoro-view",
                  "state": {},
                  "icon": "clock",
                  "title": "Pomodoro"
                }
              },
              {
                "id": "1ebc49deb54dd0f7",
                "type": "leaf",
                "state": {
                  "type": "all-properties",
                  "state": {
                    "sortOrder": "frequency",
                    "showSearch": false,
                    "searchQuery": ""
                  },
                  "icon": "lucide-archive",
                  "title": "All properties"
                }
              },
              {
                "id": "40be355d2ebab86f",
                "type": "leaf",
                "state": {
                  "type": "file-properties",
                  "state": {
                    "file": "System/Templates/Format/T Journal daily Highlights.md"
                  },
                  "icon": "lucide-info",
                  "title": "File properties for 🏠"
                }
              },
              {
                "id": "2386ef8588c3dc8e",
                "type": "leaf",
                "state": {
                  "type": "tag",
                  "state": {
                    "sortOrder": "frequency",
                    "useHierarchy": true,
                    "showSearch": false,
                    "searchQuery": ""
                  },
                  "icon": "lucide-tags",
                  "title": "Tags"
                }
              }
            ]
          },
          {
            "id": "3954ea8e597c4a31",
            "type": "tabs",
            "dimension": 46.846846846846844,
            "children": [
              {
                "id": "7a2141420f060740",
                "type": "leaf",
                "state": {
                  "type": "outgoing-link",
                  "state": {
                    "file": "🏠.md",
                    "linksCollapsed": false,
                    "unlinkedCollapsed": true
                  },
                  "icon": "links-going-out",
                  "title": "Outgoing links from _Atalhos"
                }
              },
              {
                "id": "143b5daa1b1727ea",
                "type": "leaf",
                "state": {
                  "type": "markdown",
                  "state": {
                    "file": "System/Assets/_Atalhos.md",
                    "mode": "preview",
                    "source": false,
                    "backlinks": true,
                    "backlinkOpts": {
                      "collapseAll": false,
                      "extraContext": false,
                      "sortOrder": "alphabetical",
                      "showSearch": false,
                      "searchQuery": "",
                      "backlinkCollapsed": false,
                      "unlinkedCollapsed": true
                    }
                  },
                  "icon": "lucide-file",
                  "title": "_Atalhos"
                }
              }
            ],
            "currentTab": 1
          }
        ],
        "direction": "horizontal",
        "width": 354.5
      },
      "left-ribbon": {
        "hiddenItems": {
          "switcher:Open quick switcher": false,
          "graph:Open graph view": false,
          "canvas:Create new canvas": true,
          "daily-notes:Open today's daily note": false,
          "templates:Insert template": true,
          "command-palette:Open command palette": false,
          "random-note:Open random note": true,
          "workspaces:Manage workspace layouts": false,
          "bases:Create new base": true,
          "callout-manager:Insert Callout": true,
          "periodic-notes:Open today": true,
          "templater-obsidian:Templater": true,
          "dashboard-navigator:Open dashboard navigator": false,
          "gridexplorer:Open grid view": false,
          "tasknotes:Open mini calendar": true,
          "tasknotes:Open advanced calendar": false,
          "tasknotes:Open task list": false,
          "tasknotes:Open notes": true,
          "tasknotes:Open agenda": true,
          "tasknotes:Open kanban board": true,
          "tasknotes:Open pomodoro": false,
          "tasknotes:Open pomodoro stats": true,
          "tasknotes:Create new task": true
        }
      },
      "active": "f8e7e9bde23996cf",
      "mtime": "2025-10-31T17:22:19-03:00"
    },
    "+ Map PKM": {
      "main": {
        "id": "2178b4b13ad8d220",
        "type": "split",
        "children": [
          {
            "id": "480113ca8d9c7463",
            "type": "tabs",
            "children": [
              {
                "id": "1a215c6d96cb2aaf",
                "type": "leaf",
                "pinned": true,
                "state": {
                  "type": "markdown",
                  "state": {
                    "file": "Atlas/Maps/+ Gestão de Conhecimento.md",
                    "mode": "preview",
                    "source": false,
                    "backlinks": true,
                    "backlinkOpts": {
                      "collapseAll": false,
                      "extraContext": false,
                      "sortOrder": "alphabetical",
                      "showSearch": false,
                      "searchQuery": "",
                      "backlinkCollapsed": false,
                      "unlinkedCollapsed": true
                    }
                  },
                  "pinned": true,
                  "icon": "lucide-file",
                  "title": "+ Gestão de Conhecimento"
                }
              }
            ]
          }
        ],
        "direction": "vertical"
      },
      "left": {
        "id": "da223467db4c9158",
        "type": "split",
        "children": [
          {
            "id": "3ba83bbb7904c6a3",
            "type": "tabs",
            "children": [
              {
                "id": "b34c0f902b1265c0",
                "type": "leaf",
                "state": {
                  "type": "file-explorer",
                  "state": {
                    "sortOrder": "alphabetical",
                    "autoReveal": false
                  },
                  "icon": "lucide-folder-closed",
                  "title": "Files"
                }
              },
              {
                "id": "c3dcb494a0674c29",
                "type": "leaf",
                "state": {
                  "type": "search",
                  "state": {
                    "query": "",
                    "matchingCase": false,
                    "explainSearch": false,
                    "collapseAll": false,
                    "extraContext": false,
                    "sortOrder": "alphabetical"
                  },
                  "icon": "lucide-search",
                  "title": "Procurar"
                }
              },
              {
                "id": "e0f7509dece0369f",
                "type": "leaf",
                "state": {
                  "type": "bookmarks",
                  "state": {},
                  "icon": "lucide-bookmark",
                  "title": "Marcadores"
                }
              },
              {
                "id": "f7119f2528338e15",
                "type": "leaf",
                "state": {
                  "type": "outline",
                  "state": {
                    "file": "Atlas/Maps/+ Gestão de Conhecimento.md",
                    "followCursor": false,
                    "showSearch": false,
                    "searchQuery": ""
                  },
                  "icon": "lucide-list",
                  "title": "Outline of + Gestão de Conhecimento"
                }
              }
            ],
            "currentTab": 3
          },
          {
            "id": "5bf066390432bfba",
            "type": "tabs",
            "children": [
              {
                "id": "f8e7e9bde23996cf",
                "type": "leaf",
                "state": {
                  "type": "localgraph",
                  "state": {
                    "file": "Atlas/Maps/+ Gestão de Conhecimento.md",
                    "options": {
                      "collapse-filter": false,
                      "search": "",
                      "localJumps": 1,
                      "localBacklinks": true,
                      "localForelinks": true,
                      "localInterlinks": false,
                      "showTags": false,
                      "showAttachments": false,
                      "hideUnresolved": false,
                      "collapse-color-groups": true,
                      "colorGroups": [],
                      "collapse-display": true,
                      "showArrow": false,
                      "textFadeMultiplier": 0,
                      "nodeSizeMultiplier": 1,
                      "lineSizeMultiplier": 1,
                      "collapse-forces": true,
                      "centerStrength": 0.518713248970312,
                      "repelStrength": 10,
                      "linkStrength": 1,
                      "linkDistance": 250,
                      "scale": 0.45456955811720023,
                      "close": true
                    }
                  },
                  "icon": "lucide-git-fork",
                  "title": "Graph of + Gestão de Conhecimento"
                }
              },
              {
                "id": "23fbdee040da4c31",
                "type": "leaf",
                "state": {
                  "type": "recent-files",
                  "state": {},
                  "icon": "clock",
                  "title": "Recent Files"
                }
              }
            ],
            "currentTab": 1
          }
        ],
        "direction": "horizontal",
        "width": 330.5
      },
      "right": {
        "id": "3703f7d8eaeb01fd",
        "type": "split",
        "children": [
          {
            "id": "c4e9b6b7a7b97459",
            "type": "tabs",
            "dimension": 53.153153153153156,
            "children": [
              {
                "id": "72f1b9cde49a80fb",
                "type": "leaf",
                "state": {
                  "type": "calendar",
                  "state": {},
                  "icon": "calendar-with-checkmark",
                  "title": "Calendar"
                }
              },
              {
                "id": "d559413d9238a91f",
                "type": "leaf",
                "state": {
                  "type": "tasknotes-pomodoro-view",
                  "state": {},
                  "icon": "clock",
                  "title": "Pomodoro"
                }
              },
              {
                "id": "1ebc49deb54dd0f7",
                "type": "leaf",
                "state": {
                  "type": "all-properties",
                  "state": {
                    "sortOrder": "frequency",
                    "showSearch": false,
                    "searchQuery": ""
                  },
                  "icon": "lucide-archive",
                  "title": "All properties"
                }
              },
              {
                "id": "40be355d2ebab86f",
                "type": "leaf",
                "state": {
                  "type": "file-properties",
                  "state": {
                    "file": "Atlas/Maps/+ Gestão de Conhecimento.md"
                  },
                  "icon": "lucide-info",
                  "title": "File properties for + Gestão de Conhecimento"
                }
              },
              {
                "id": "2386ef8588c3dc8e",
                "type": "leaf",
                "state": {
                  "type": "tag",
                  "state": {
                    "sortOrder": "frequency",
                    "useHierarchy": true,
                    "showSearch": false,
                    "searchQuery": ""
                  },
                  "icon": "lucide-tags",
                  "title": "Tags"
                }
              }
            ],
            "currentTab": 1
          },
          {
            "id": "3954ea8e597c4a31",
            "type": "tabs",
            "dimension": 46.846846846846844,
            "children": [
              {
                "id": "7a2141420f060740",
                "type": "leaf",
                "state": {
                  "type": "outgoing-link",
                  "state": {
                    "file": "Atlas/Maps/+ Gestão de Conhecimento.md",
                    "linksCollapsed": false,
                    "unlinkedCollapsed": true
                  },
                  "icon": "links-going-out",
                  "title": "Outgoing links from + Gestão de Conhecimento"
                }
              },
              {
                "id": "143b5daa1b1727ea",
                "type": "leaf",
                "state": {
                  "type": "markdown",
                  "state": {
                    "file": "System/Assets/_Atalhos.md",
                    "mode": "preview",
                    "source": false,
                    "backlinks": true,
                    "backlinkOpts": {
                      "collapseAll": false,
                      "extraContext": false,
                      "sortOrder": "alphabetical",
                      "showSearch": false,
                      "searchQuery": "",
                      "backlinkCollapsed": false,
                      "unlinkedCollapsed": true
                    }
                  },
                  "icon": "lucide-file",
                  "title": "_Atalhos"
                }
              },
              {
                "id": "404a3db47ef30bc9",
                "type": "leaf",
                "state": {
                  "type": "localgraph",
                  "state": {
                    "file": "Atlas/Maps/+ Gestão de Conhecimento.md",
                    "options": {
                      "collapse-filter": true,
                      "search": "",
                      "localJumps": 1,
                      "localBacklinks": true,
                      "localForelinks": true,
                      "localInterlinks": false,
                      "showTags": false,
                      "showAttachments": false,
                      "hideUnresolved": false,
                      "collapse-color-groups": true,
                      "colorGroups": [],
                      "collapse-display": true,
                      "showArrow": false,
                      "textFadeMultiplier": 0,
                      "nodeSizeMultiplier": 1,
                      "lineSizeMultiplier": 1,
                      "collapse-forces": true,
                      "centerStrength": 0.518713248970312,
                      "repelStrength": 10,
                      "linkStrength": 1,
                      "linkDistance": 250,
                      "scale": 0.2962962962962963,
                      "close": true
                    }
                  },
                  "icon": "lucide-git-fork",
                  "title": "Graph of + Gestão de Conhecimento"
                }
              }
            ]
          }
        ],
        "direction": "horizontal",
        "width": 354.5
      },
      "left-ribbon": {
        "hiddenItems": {
          "switcher:Open quick switcher": false,
          "graph:Open graph view": false,
          "canvas:Create new canvas": true,
          "daily-notes:Open today's daily note": false,
          "templates:Insert template": true,
          "command-palette:Open command palette": false,
          "random-note:Open random note": true,
          "workspaces:Manage workspace layouts": false,
          "bases:Create new base": true,
          "callout-manager:Insert Callout": true,
          "periodic-notes:Open today": true,
          "templater-obsidian:Templater": true,
          "dashboard-navigator:Open dashboard navigator": false,
          "gridexplorer:Open grid view": false,
          "tasknotes:Open mini calendar": true,
          "tasknotes:Open advanced calendar": false,
          "tasknotes:Open task list": false,
          "tasknotes:Open notes": true,
          "tasknotes:Open agenda": true,
          "tasknotes:Open kanban board": true,
          "tasknotes:Open pomodoro": false,
          "tasknotes:Open pomodoro stats": true,
          "tasknotes:Create new task": true
        }
      },
      "active": "7a2141420f060740",
      "mtime": "2025-12-11T09:32:13-03:00"
    },
    "Tasknotes": {
      "main": {
        "id": "2178b4b13ad8d220",
        "type": "split",
        "children": [
          {
            "id": "480113ca8d9c7463",
            "type": "tabs",
            "children": [
              {
                "id": "4da3b2f026ae6014",
                "type": "leaf",
                "state": {
                  "type": "tasknotes-task-list-view",
                  "state": {},
                  "icon": "check-square",
                  "title": "Tasks"
                }
              },
              {
                "id": "000fd46b34c60157",
                "type": "leaf",
                "state": {
                  "type": "tasknotes-advanced-calendar-view",
                  "state": {},
                  "icon": "calendar-range",
                  "title": "Advanced Calendar"
                }
              },
              {
                "id": "5278ee1c843ebf1f",
                "type": "leaf",
                "state": {
                  "type": "tasknotes-stats-view",
                  "state": {},
                  "icon": "bar-chart-4",
                  "title": "Statistics"
                }
              },
              {
                "id": "0fa2698004f62194",
                "type": "leaf",
                "state": {
                  "type": "markdown",
                  "state": {
                    "file": "Calendar & Review/TaskNotes/Tasks/new task.md",
                    "mode": "source",
                    "source": false,
                    "backlinks": true,
                    "backlinkOpts": {
                      "collapseAll": false,
                      "extraContext": false,
                      "sortOrder": "alphabetical",
                      "showSearch": false,
                      "searchQuery": "",
                      "backlinkCollapsed": false,
                      "unlinkedCollapsed": true
                    }
                  },
                  "icon": "lucide-file",
                  "title": "new task"
                }
              }
            ]
          }
        ],
        "direction": "vertical"
      },
      "left": {
        "id": "da223467db4c9158",
        "type": "split",
        "children": [
          {
            "id": "3ba83bbb7904c6a3",
            "type": "tabs",
            "children": [
              {
                "id": "b34c0f902b1265c0",
                "type": "leaf",
                "state": {
                  "type": "file-explorer",
                  "state": {
                    "sortOrder": "alphabetical",
                    "autoReveal": false
                  },
                  "icon": "lucide-folder-closed",
                  "title": "Files"
                }
              },
              {
                "id": "c3dcb494a0674c29",
                "type": "leaf",
                "state": {
                  "type": "search",
                  "state": {
                    "query": "",
                    "matchingCase": false,
                    "explainSearch": false,
                    "collapseAll": false,
                    "extraContext": false,
                    "sortOrder": "alphabetical"
                  },
                  "icon": "lucide-search",
                  "title": "Search"
                }
              },
              {
                "id": "e0f7509dece0369f",
                "type": "leaf",
                "state": {
                  "type": "bookmarks",
                  "state": {},
                  "icon": "lucide-bookmark",
                  "title": "Bookmarks"
                }
              },
              {
                "id": "f7119f2528338e15",
                "type": "leaf",
                "state": {
                  "type": "outline",
                  "state": {
                    "file": "Calendar & Review/TaskNotes/Tasks/new task.md",
                    "followCursor": false,
                    "showSearch": false,
                    "searchQuery": ""
                  },
                  "icon": "lucide-list",
                  "title": "Outline of new task"
                }
              }
            ]
          }
        ],
        "direction": "horizontal",
        "width": 400.5
      },
      "right": {
        "id": "3703f7d8eaeb01fd",
        "type": "split",
        "children": [
          {
            "id": "c4e9b6b7a7b97459",
            "type": "tabs",
            "dimension": 53.153153153153156,
            "children": [
              {
                "id": "72f1b9cde49a80fb",
                "type": "leaf",
                "state": {
                  "type": "calendar",
                  "state": {},
                  "icon": "calendar-with-checkmark",
                  "title": "Calendar"
                }
              },
              {
                "id": "6a8b1bce4f56d59e",
                "type": "leaf",
                "state": {
                  "type": "tasknotes-mini-calendar-view",
                  "state": {},
                  "icon": "calendar-days",
                  "title": "Mini Calendar"
                }
              },
              {
                "id": "d559413d9238a91f",
                "type": "leaf",
                "state": {
                  "type": "tasknotes-pomodoro-view",
                  "state": {},
                  "icon": "clock",
                  "title": "Pomodoro"
                }
              },
              {
                "id": "1ebc49deb54dd0f7",
                "type": "leaf",
                "state": {
                  "type": "all-properties",
                  "state": {
                    "sortOrder": "frequency",
                    "showSearch": false,
                    "searchQuery": ""
                  },
                  "icon": "lucide-archive",
                  "title": "All properties"
                }
              },
              {
                "id": "40be355d2ebab86f",
                "type": "leaf",
                "state": {
                  "type": "file-properties",
                  "state": {
                    "file": "System/Templates/Format/T Journal daily Highlights.md"
                  },
                  "icon": "lucide-info",
                  "title": "File properties for 🏠"
                }
              },
              {
                "id": "2386ef8588c3dc8e",
                "type": "leaf",
                "state": {
                  "type": "tag",
                  "state": {
                    "sortOrder": "frequency",
                    "useHierarchy": true,
                    "showSearch": false,
                    "searchQuery": ""
                  },
                  "icon": "lucide-tags",
                  "title": "Tags"
                }
              }
            ],
            "currentTab": 1
          },
          {
            "id": "3954ea8e597c4a31",
            "type": "tabs",
            "dimension": 46.846846846846844,
            "children": [
              {
                "id": "7a2141420f060740",
                "type": "leaf",
                "state": {
                  "type": "outgoing-link",
                  "state": {
                    "file": "Calendar & Review/TaskNotes/Tasks/new task.md",
                    "linksCollapsed": false,
                    "unlinkedCollapsed": true
                  },
                  "icon": "links-going-out",
                  "title": "Outgoing links from new task"
                }
              },
              {
                "id": "143b5daa1b1727ea",
                "type": "leaf",
                "state": {
                  "type": "markdown",
                  "state": {
                    "file": "System/Assets/_Atalhos.md",
                    "mode": "preview",
                    "source": false,
                    "backlinks": true,
                    "backlinkOpts": {
                      "collapseAll": false,
                      "extraContext": false,
                      "sortOrder": "alphabetical",
                      "showSearch": false,
                      "searchQuery": "",
                      "backlinkCollapsed": false,
                      "unlinkedCollapsed": true
                    }
                  },
                  "icon": "lucide-file",
                  "title": "_Atalhos"
                }
              }
            ]
          }
        ],
        "direction": "horizontal",
        "width": 354.5
      },
      "left-ribbon": {
        "hiddenItems": {
          "switcher:Open quick switcher": false,
          "graph:Open graph view": false,
          "canvas:Create new canvas": true,
          "daily-notes:Open today's daily note": false,
          "templates:Insert template": true,
          "command-palette:Open command palette": false,
          "random-note:Open random note": true,
          "workspaces:Manage workspace layouts": false,
          "bases:Create new base": true,
          "callout-manager:Insert Callout": true,
          "periodic-notes:Open today": true,
          "templater-obsidian:Templater": true,
          "dashboard-navigator:Open dashboard navigator": false,
          "gridexplorer:Open grid view": false,
          "tasknotes:Open mini calendar": true,
          "tasknotes:Open advanced calendar": false,
          "tasknotes:Open task list": false,
          "tasknotes:Open notes": true,
          "tasknotes:Open agenda": true,
          "tasknotes:Open kanban board": true,
          "tasknotes:Open pomodoro": false,
          "tasknotes:Open pomodoro stats": true,
          "tasknotes:Create new task": true
        }
      },
      "active": "4da3b2f026ae6014",
      "mtime": "2025-12-11T09:36:15-03:00"
    },
    "Templates": {
      "main": {
        "id": "2178b4b13ad8d220",
        "type": "split",
        "children": [
          {
            "id": "480113ca8d9c7463",
            "type": "tabs",
            "children": [
              {
                "id": "1c1bda5782baa53a",
                "type": "leaf",
                "state": {
                  "type": "markdown",
                  "state": {
                    "file": "System/Templates/Format/Daily Note Template.md",
                    "mode": "source",
                    "source": true,
                    "backlinks": true,
                    "backlinkOpts": {
                      "collapseAll": false,
                      "extraContext": false,
                      "sortOrder": "alphabetical",
                      "showSearch": false,
                      "searchQuery": "",
                      "backlinkCollapsed": false,
                      "unlinkedCollapsed": true
                    }
                  },
                  "icon": "lucide-file",
                  "title": "Daily Note Template"
                }
              },
              {
                "id": "dde188268761cc25",
                "type": "leaf",
                "state": {
                  "type": "markdown",
                  "state": {
                    "file": "System/Templates/Format/T Journal daily Highlights.md",
                    "mode": "source",
                    "source": true,
                    "backlinks": true,
                    "backlinkOpts": {
                      "collapseAll": false,
                      "extraContext": false,
                      "sortOrder": "alphabetical",
                      "showSearch": false,
                      "searchQuery": "",
                      "backlinkCollapsed": false,
                      "unlinkedCollapsed": true
                    }
                  },
                  "icon": "lucide-file",
                  "title": "T Journal daily Highlights"
                }
              }
            ]
          }
        ],
        "direction": "vertical"
      },
      "left": {
        "id": "da223467db4c9158",
        "type": "split",
        "children": [
          {
            "id": "3ba83bbb7904c6a3",
            "type": "tabs",
            "children": [
              {
                "id": "b34c0f902b1265c0",
                "type": "leaf",
                "state": {
                  "type": "file-explorer",
                  "state": {
                    "sortOrder": "alphabetical",
                    "autoReveal": false
                  },
                  "icon": "lucide-folder-closed",
                  "title": "Files"
                }
              },
              {
                "id": "c3dcb494a0674c29",
                "type": "leaf",
                "state": {
                  "type": "search",
                  "state": {
                    "query": "",
                    "matchingCase": false,
                    "explainSearch": false,
                    "collapseAll": false,
                    "extraContext": false,
                    "sortOrder": "alphabetical"
                  },
                  "icon": "lucide-search",
                  "title": "Procurar"
                }
              },
              {
                "id": "e0f7509dece0369f",
                "type": "leaf",
                "state": {
                  "type": "bookmarks",
                  "state": {},
                  "icon": "lucide-bookmark",
                  "title": "Marcadores"
                }
              },
              {
                "id": "f7119f2528338e15",
                "type": "leaf",
                "state": {
                  "type": "outline",
                  "state": {
                    "file": "Calendar & Review/Daily Notes/2025-12-11.md",
                    "followCursor": false,
                    "showSearch": false,
                    "searchQuery": ""
                  },
                  "icon": "lucide-list",
                  "title": "Outline of _Atalhos"
                }
              },
              {
                "id": "0d341ec25cf6e6ae",
                "type": "leaf",
                "pinned": true,
                "state": {
                  "type": "markdown",
                  "state": {
                    "file": "System/Assets/Dataview/@-templates.md",
                    "mode": "preview",
                    "source": false,
                    "backlinks": true,
                    "backlinkOpts": {
                      "collapseAll": false,
                      "extraContext": false,
                      "sortOrder": "alphabetical",
                      "showSearch": false,
                      "searchQuery": "",
                      "backlinkCollapsed": false,
                      "unlinkedCollapsed": true
                    }
                  },
                  "pinned": true,
                  "icon": "lucide-file",
                  "title": "@-templates"
                }
              }
            ],
            "currentTab": 4
          }
        ],
        "direction": "horizontal",
        "width": 605.5
      },
      "right": {
        "id": "3703f7d8eaeb01fd",
        "type": "split",
        "children": [
          {
            "id": "c4e9b6b7a7b97459",
            "type": "tabs",
            "dimension": 53.153153153153156,
            "children": [
              {
                "id": "72f1b9cde49a80fb",
                "type": "leaf",
                "state": {
                  "type": "calendar",
                  "state": {},
                  "icon": "calendar-with-checkmark",
                  "title": "Calendar"
                }
              },
              {
                "id": "d559413d9238a91f",
                "type": "leaf",
                "state": {
                  "type": "tasknotes-pomodoro-view",
                  "state": {},
                  "icon": "clock",
                  "title": "Pomodoro"
                }
              },
              {
                "id": "2386ef8588c3dc8e",
                "type": "leaf",
                "state": {
                  "type": "tag",
                  "state": {
                    "sortOrder": "frequency",
                    "useHierarchy": true,
                    "showSearch": false,
                    "searchQuery": ""
                  },
                  "icon": "lucide-tags",
                  "title": "Tags"
                }
              },
              {
                "id": "40be355d2ebab86f",
                "type": "leaf",
                "state": {
                  "type": "file-properties",
                  "state": {
                    "file": "System/Templates/Format/Daily Note Template.md"
                  },
                  "icon": "lucide-info",
                  "title": "File properties for Daily Note Template"
                }
              }
            ],
            "currentTab": 2
          },
          {
            "id": "3954ea8e597c4a31",
            "type": "tabs",
            "dimension": 46.846846846846844,
            "children": [
              {
                "id": "1ebc49deb54dd0f7",
                "type": "leaf",
                "state": {
                  "type": "all-properties",
                  "state": {
                    "sortOrder": "frequency",
                    "showSearch": false,
                    "searchQuery": ""
                  },
                  "icon": "lucide-archive",
                  "title": "All properties"
                }
              },
              {
                "id": "7a2141420f060740",
                "type": "leaf",
                "state": {
                  "type": "outgoing-link",
                  "state": {
                    "file": "🏠.md",
                    "linksCollapsed": false,
                    "unlinkedCollapsed": true
                  },
                  "icon": "links-going-out",
                  "title": "Outgoing links from _Atalhos"
                }
              },
              {
                "id": "143b5daa1b1727ea",
                "type": "leaf",
                "state": {
                  "type": "markdown",
                  "state": {
                    "file": "System/Assets/_Atalhos.md",
                    "mode": "preview",
                    "source": false,
                    "backlinks": true,
                    "backlinkOpts": {
                      "collapseAll": false,
                      "extraContext": false,
                      "sortOrder": "alphabetical",
                      "showSearch": false,
                      "searchQuery": "",
                      "backlinkCollapsed": false,
                      "unlinkedCollapsed": true
                    }
                  },
                  "icon": "lucide-file",
                  "title": "_Atalhos"
                }
              }
            ]
          }
        ],
        "direction": "horizontal",
        "width": 354.5
      },
      "left-ribbon": {
        "hiddenItems": {
          "switcher:Open quick switcher": false,
          "graph:Open graph view": false,
          "canvas:Create new canvas": true,
          "daily-notes:Open today's daily note": false,
          "templates:Insert template": true,
          "command-palette:Open command palette": false,
          "random-note:Open random note": true,
          "workspaces:Manage workspace layouts": false,
          "bases:Create new base": true,
          "callout-manager:Insert Callout": true,
          "periodic-notes:Open today": true,
          "templater-obsidian:Templater": true,
          "dashboard-navigator:Open dashboard navigator": false,
          "gridexplorer:Open grid view": false,
          "tasknotes:Open mini calendar": true,
          "tasknotes:Open advanced calendar": false,
          "tasknotes:Open task list": false,
          "tasknotes:Open notes": true,
          "tasknotes:Open agenda": true,
          "tasknotes:Open kanban board": true,
          "tasknotes:Open pomodoro": false,
          "tasknotes:Open pomodoro stats": true,
          "tasknotes:Create new task": true
        }
      },
      "active": "1c1bda5782baa53a",
      "mtime": "2025-12-11T09:40:41-03:00"
    },
    "Review Showcase": {
      "main": {
        "id": "2178b4b13ad8d220",
        "type": "split",
        "children": [
          {
            "id": "480113ca8d9c7463",
            "type": "tabs",
            "children": [
              {
                "id": "e857f13f3b3f005e",
                "type": "leaf",
                "pinned": true,
                "state": {
                  "type": "markdown",
                  "state": {
                    "file": "🏠.md",
                    "mode": "preview",
                    "source": false,
                    "backlinks": true,
                    "backlinkOpts": {
                      "collapseAll": false,
                      "extraContext": false,
                      "sortOrder": "alphabetical",
                      "showSearch": false,
                      "searchQuery": "",
                      "backlinkCollapsed": false,
                      "unlinkedCollapsed": true
                    }
                  },
                  "pinned": true,
                  "icon": "lucide-file",
                  "title": "🏠"
                }
              },
              {
                "id": "f3752b079e9cd226",
                "type": "leaf",
                "state": {
                  "type": "markdown",
                  "state": {
                    "file": "Calendar & Review/Monthly Notes/2025-12.md",
                    "mode": "preview",
                    "source": false,
                    "backlinks": true,
                    "backlinkOpts": {
                      "collapseAll": false,
                      "extraContext": false,
                      "sortOrder": "alphabetical",
                      "showSearch": false,
                      "searchQuery": "",
                      "backlinkCollapsed": false,
                      "unlinkedCollapsed": true
                    }
                  },
                  "icon": "lucide-file",
                  "title": "2025-12"
                }
              },
              {
                "id": "768d08d4d83ccd14",
                "type": "leaf",
                "state": {
                  "type": "markdown",
                  "state": {
                    "file": "Calendar & Review/Monthly Notes/2025-10.md",
                    "mode": "preview",
                    "source": false,
                    "backlinks": true,
                    "backlinkOpts": {
                      "collapseAll": false,
                      "extraContext": false,
                      "sortOrder": "alphabetical",
                      "showSearch": false,
                      "searchQuery": "",
                      "backlinkCollapsed": false,
                      "unlinkedCollapsed": true
                    }
                  },
                  "icon": "lucide-file",
                  "title": "2025-10"
                }
              }
            ],
            "currentTab": 2
          }
        ],
        "direction": "vertical"
      },
      "left": {
        "id": "da223467db4c9158",
        "type": "split",
        "children": [
          {
            "id": "3ba83bbb7904c6a3",
            "type": "tabs",
            "children": [
              {
                "id": "b34c0f902b1265c0",
                "type": "leaf",
                "state": {
                  "type": "file-explorer",
                  "state": {
                    "sortOrder": "alphabetical",
                    "autoReveal": false
                  },
                  "icon": "lucide-folder-closed",
                  "title": "Files"
                }
              },
              {
                "id": "c3dcb494a0674c29",
                "type": "leaf",
                "state": {
                  "type": "search",
                  "state": {
                    "query": "",
                    "matchingCase": false,
                    "explainSearch": false,
                    "collapseAll": false,
                    "extraContext": false,
                    "sortOrder": "alphabetical"
                  },
                  "icon": "lucide-search",
                  "title": "Procurar"
                }
              },
              {
                "id": "e0f7509dece0369f",
                "type": "leaf",
                "state": {
                  "type": "bookmarks",
                  "state": {},
                  "icon": "lucide-bookmark",
                  "title": "Marcadores"
                }
              },
              {
                "id": "f7119f2528338e15",
                "type": "leaf",
                "state": {
                  "type": "outline",
                  "state": {
                    "file": "Calendar & Review/Daily Notes/2025-12-11.md",
                    "followCursor": false,
                    "showSearch": false,
                    "searchQuery": ""
                  },
                  "icon": "lucide-list",
                  "title": "Outline of _Atalhos"
                }
              }
            ]
          },
          {
            "id": "5bf066390432bfba",
            "type": "tabs",
            "children": [
              {
                "id": "f8e7e9bde23996cf",
                "type": "leaf",
                "state": {
                  "type": "localgraph",
                  "state": {
                    "file": "Calendar & Review/Monthly Notes/2025-10.md",
                    "options": {
                      "collapse-filter": false,
                      "search": "",
                      "localJumps": 1,
                      "localBacklinks": true,
                      "localForelinks": true,
                      "localInterlinks": false,
                      "showTags": false,
                      "showAttachments": false,
                      "hideUnresolved": false,
                      "collapse-color-groups": true,
                      "colorGroups": [],
                      "collapse-display": true,
                      "showArrow": false,
                      "textFadeMultiplier": 0,
                      "nodeSizeMultiplier": 1,
                      "lineSizeMultiplier": 1,
                      "collapse-forces": true,
                      "centerStrength": 0.518713248970312,
                      "repelStrength": 10,
                      "linkStrength": 1,
                      "linkDistance": 250,
                      "scale": 0.45456955811720023,
                      "close": true
                    }
                  },
                  "icon": "lucide-git-fork",
                  "title": "Graph of 2025-10"
                }
              },
              {
                "id": "23fbdee040da4c31",
                "type": "leaf",
                "state": {
                  "type": "recent-files",
                  "state": {},
                  "icon": "clock",
                  "title": "Recent Files"
                }
              }
            ],
            "currentTab": 1
          }
        ],
        "direction": "horizontal",
        "width": 330.5
      },
      "right": {
        "id": "3703f7d8eaeb01fd",
        "type": "split",
        "children": [
          {
            "id": "c4e9b6b7a7b97459",
            "type": "tabs",
            "dimension": 53.153153153153156,
            "children": [
              {
                "id": "72f1b9cde49a80fb",
                "type": "leaf",
                "state": {
                  "type": "calendar",
                  "state": {},
                  "icon": "calendar-with-checkmark",
                  "title": "Calendar"
                }
              },
              {
                "id": "d559413d9238a91f",
                "type": "leaf",
                "state": {
                  "type": "tasknotes-pomodoro-view",
                  "state": {},
                  "icon": "clock",
                  "title": "Pomodoro"
                }
              },
              {
                "id": "1ebc49deb54dd0f7",
                "type": "leaf",
                "state": {
                  "type": "all-properties",
                  "state": {
                    "sortOrder": "frequency",
                    "showSearch": false,
                    "searchQuery": ""
                  },
                  "icon": "lucide-archive",
                  "title": "All properties"
                }
              },
              {
                "id": "40be355d2ebab86f",
                "type": "leaf",
                "state": {
                  "type": "file-properties",
                  "state": {
                    "file": "System/Templates/Format/T Journal daily Highlights.md"
                  },
                  "icon": "lucide-info",
                  "title": "File properties for 🏠"
                }
              },
              {
                "id": "2386ef8588c3dc8e",
                "type": "leaf",
                "state": {
                  "type": "tag",
                  "state": {
                    "sortOrder": "frequency",
                    "useHierarchy": true,
                    "showSearch": false,
                    "searchQuery": ""
                  },
                  "icon": "lucide-tags",
                  "title": "Tags"
                }
              }
            ]
          },
          {
            "id": "3954ea8e597c4a31",
            "type": "tabs",
            "dimension": 46.846846846846844,
            "children": [
              {
                "id": "7a2141420f060740",
                "type": "leaf",
                "state": {
                  "type": "outgoing-link",
                  "state": {
                    "file": "🏠.md",
                    "linksCollapsed": false,
                    "unlinkedCollapsed": true
                  },
                  "icon": "links-going-out",
                  "title": "Outgoing links from _Atalhos"
                }
              },
              {
                "id": "143b5daa1b1727ea",
                "type": "leaf",
                "state": {
                  "type": "markdown",
                  "state": {
                    "file": "System/Assets/_Atalhos.md",
                    "mode": "preview",
                    "source": false,
                    "backlinks": true,
                    "backlinkOpts": {
                      "collapseAll": false,
                      "extraContext": false,
                      "sortOrder": "alphabetical",
                      "showSearch": false,
                      "searchQuery": "",
                      "backlinkCollapsed": false,
                      "unlinkedCollapsed": true
                    }
                  },
                  "icon": "lucide-file",
                  "title": "_Atalhos"
                }
              }
            ],
            "currentTab": 1
          }
        ],
        "direction": "horizontal",
        "width": 354.5
      },
      "left-ribbon": {
        "hiddenItems": {
          "switcher:Open quick switcher": false,
          "graph:Open graph view": false,
          "canvas:Create new canvas": true,
          "daily-notes:Open today's daily note": false,
          "templates:Insert template": true,
          "command-palette:Open command palette": false,
          "random-note:Open random note": true,
          "workspaces:Manage workspace layouts": false,
          "bases:Create new base": true,
          "callout-manager:Insert Callout": true,
          "periodic-notes:Open today": true,
          "templater-obsidian:Templater": true,
          "dashboard-navigator:Open dashboard navigator": false,
          "gridexplorer:Open grid view": false,
          "tasknotes:Open mini calendar": true,
          "tasknotes:Open advanced calendar": false,
          "tasknotes:Open task list": false,
          "tasknotes:Open notes": true,
          "tasknotes:Open agenda": true,
          "tasknotes:Open kanban board": true,
          "tasknotes:Open pomodoro": false,
          "tasknotes:Open pomodoro stats": true,
          "tasknotes:Create new task": true
        }
      },
      "active": "72f1b9cde49a80fb",
      "mtime": "2025-12-11T09:41:29-03:00"
    }
  },
  "active": "home"
}