{
  "main": {
    "id": "9aca47e296c972a4",
    "type": "split",
    "children": [
      {
        "id": "8df9ed94d06cb3b9",
        "type": "tabs",
        "children": [
          {
            "id": "b92a2def29513378",
            "type": "leaf",
            "pinned": true,
            "state": {
              "type": "markdown",
              "state": {
                "file": "README.md",
                "mode": "preview",
                "source": false,
                "backlinks": true,
                "backlinkOpts": {
                  "collapseAll": false,
                  "extraContext": false,
                  "sortOrder": "alphabetical",
                  "showSearch": false,
                  "searchQuery": "",
                  "backlinkCollapsed": false,
                  "unlinkedCollapsed": true
                }
              },
              "pinned": true,
              "icon": "lucide-file",
              "title": "README"
            }
          },
          {
            "id": "bd0a6a4cc13c6442",
            "type": "leaf",
            "state": {
              "type": "markdown",
              "state": {
                "file": "🏠.md",
                "mode": "preview",
                "source": false,
                "backlinks": true,
                "backlinkOpts": {
                  "collapseAll": false,
                  "extraContext": false,
                  "sortOrder": "alphabetical",
                  "showSearch": false,
                  "searchQuery": "",
                  "backlinkCollapsed": false,
                  "unlinkedCollapsed": true
                }
              },
              "icon": "lucide-file",
              "title": "🏠"
            }
          },
          {
            "id": "b04fc234efc93172",
            "type": "leaf",
            "state": {
              "type": "markdown",
              "state": {
                "file": "README.md",
                "mode": "preview",
                "source": false,
                "backlinks": true,
                "backlinkOpts": {
                  "collapseAll": false,
                  "extraContext": false,
                  "sortOrder": "alphabetical",
                  "showSearch": false,
                  "searchQuery": "",
                  "backlinkCollapsed": false,
                  "unlinkedCollapsed": true
                }
              },
              "icon": "lucide-file",
              "title": "README"
            }
          }
        ],
        "currentTab": 2
      }
    ],
    "direction": "vertical"
  },
  "left": {
    "id": "b234fa83c9797d2e",
    "type": "split",
    "children": [
      {
        "id": "94e8c6580e22f495",
        "type": "tabs",
        "children": [
          {
            "id": "c6c60a68a78ecfcb",
            "type": "leaf",
            "state": {
              "type": "file-explorer",
              "state": {
                "sortOrder": "alphabetical",
                "autoReveal": false
              },
              "icon": "lucide-folder-closed",
              "title": "Files"
            }
          },
          {
            "id": "63b72361a4aa6beb",
            "type": "leaf",
            "state": {
              "type": "search",
              "state": {
                "query": "",
                "matchingCase": false,
                "explainSearch": false,
                "collapseAll": false,
                "extraContext": false,
                "sortOrder": "alphabetical"
              },
              "icon": "lucide-search",
              "title": "Search"
            }
          },
          {
            "id": "3f93804b98987ca6",
            "type": "leaf",
            "state": {
              "type": "bookmarks",
              "state": {},
              "icon": "lucide-bookmark",
              "title": "Bookmarks"
            }
          },
          {
            "id": "728380131b2031b3",
            "type": "leaf",
            "state": {
              "type": "recent-files",
              "state": {},
              "icon": "clock",
              "title": "Recent Files"
            }
          }
        ]
      }
    ],
    "direction": "horizontal",
    "width": 300
  },
  "right": {
    "id": "5b7ec59c4f8f6a1f",
    "type": "split",
    "children": [
      {
        "id": "5ccccd7fdb5cf9bb",
        "type": "tabs",
        "children": [
          {
            "id": "72c23808abfbbab3",
            "type": "leaf",
            "state": {
              "type": "backlink",
              "state": {
                "file": "Atlas/Maps/Gestão de Conhecimento.md",
                "collapseAll": false,
                "extraContext": false,
                "sortOrder": "alphabetical",
                "showSearch": false,
                "searchQuery": "",
                "backlinkCollapsed": false,
                "unlinkedCollapsed": true
              },
              "icon": "links-coming-in",
              "title": "Backlinks for Gestão de Conhecimento"
            }
          },
          {
            "id": "57dce59d5a22a201",
            "type": "leaf",
            "state": {
              "type": "outgoing-link",
              "state": {
                "linksCollapsed": false,
                "unlinkedCollapsed": true
              },
              "icon": "links-going-out",
              "title": "Outgoing links"
            }
          },
          {
            "id": "3480a921c102b3bf",
            "type": "leaf",
            "state": {
              "type": "tag",
              "state": {
                "sortOrder": "frequency",
                "useHierarchy": true,
                "showSearch": false,
                "searchQuery": ""
              },
              "icon": "lucide-tags",
              "title": "Tags"
            }
          },
          {
            "id": "98430b1cf4690c05",
            "type": "leaf",
            "state": {
              "type": "all-properties",
              "state": {
                "sortOrder": "frequency",
                "showSearch": false,
                "searchQuery": ""
              },
              "icon": "lucide-archive",
              "title": "All properties"
            }
          },
          {
            "id": "1cfe2a0da3bd25cb",
            "type": "leaf",
            "state": {
              "type": "outline",
              "state": {
                "followCursor": false,
                "showSearch": false,
                "searchQuery": ""
              },
              "icon": "lucide-list",
              "title": "Outline"
            }
          },
          {
            "id": "dfdf23ad0e2d6e1d",
            "type": "leaf",
            "state": {
              "type": "calendar",
              "state": {},
              "icon": "calendar-with-checkmark",
              "title": "Calendar"
            }
          },
          {
            "id": "33445fe1a07b38ad",
            "type": "leaf",
            "state": {
              "type": "file-properties",
              "state": {
                "file": "README.md"
              },
              "icon": "lucide-info",
              "title": "File properties for README"
            }
          }
        ],
        "currentTab": 6
      }
    ],
    "direction": "horizontal",
    "width": 282.5
  },
  "left-ribbon": {
    "hiddenItems": {
      "switcher:Open quick switcher": false,
      "graph:Open graph view": false,
      "canvas:Create new canvas": false,
      "daily-notes:Open today's daily note": false,
      "templates:Insert template": false,
      "command-palette:Open command palette": false,
      "random-note:Open random note": false,
      "workspaces:Manage workspace layouts": false,
      "bases:Create new base": false,
      "callout-manager:Insert Callout": false,
      "templater-obsidian:Templater": false,
      "gridexplorer:Open grid view": false,
      "dashboard-navigator:Open dashboard navigator": false,
      "tasknotes:Open mini calendar": false,
      "tasknotes:Open advanced calendar": false,
      "tasknotes:Open task list": false,
      "tasknotes:Open notes": false,
      "tasknotes:Open agenda": false,
      "tasknotes:Open kanban board": false,
      "tasknotes:Open pomodoro": false,
      "tasknotes:Open pomodoro stats": false,
      "tasknotes:Create new task": false,
      "periodic-notes:Open today": false
    }
  },
  "active": "b04fc234efc93172",
  "lastOpenFiles": [
    "Créditos-Atribuições.md",
    "🏠.md",
    "README.md",
    "Atlas/Maps/+ Gestão de Conhecimento.md",
    "Arquivo compactado.zip",
    "Arquivo compactado.zip.poopqi.part",
    "gestão do conhecimento 2.md",
    "System/Assets/Dataview/@-templates.md",
    "System/Assets/Dataview/@_Garden.md",
    "System/Assets/Dataview/@_modified.md",
    "System/Assets/Dataview/@_projects.md",
    "System/Assets/Dataview/@_recent-created.md",
    "System/Assets/Dataview/@_created.md",
    "System/Assets/Dataview/@_dataview-all-tasks.md",
    "System/Assets/Dataview/@_collections.md",
    "System/Assets/Dataview/@_areas.md",
    "System/Assets/Dataview/@_Efforts.md",
    "System/Assets/Dataview/@_Architect.md",
    "System/Assets/Dataview/Untitled.md",
    "System/Assets/_Garden_Architect_tags.md",
    "System/Assets/_Atalhos.md",
    "+/1.md",
    "Atlas/Conceitos/+ Entendendo o básico/03 Propriedades.md",
    "Atlas/Conceitos/Arquiteto & Jardineiro/Revitalizar.md",
    "Atlas/Conceitos/Arquiteto & Jardineiro/Revisitar.md",
    "Atlas/Conceitos/Arquiteto & Jardineiro/Replantar.md",
    "Atlas/Conceitos/Arquiteto & Jardineiro/Renovar.md",
    "Atlas/Maps/Exemplos",
    "Atlas/Maps/Untitled.canvas",
    "System/Media/arc-flow.png",
    "System/Media/arc-maid.png",
    "System/Media/atlas-f.png"
  ]
}